Module	AF58_S44__interleaved_Abundance-RPKs	AF60_S79__interleaved_Abundance-RPKs	AF77_S14__interleaved_Abundance-RPKs	AF69_S38__interleaved_Abundance-RPKs	AF72_S54__interleaved_Abundance-RPKs	AF15_S62__interleaved_Abundance-RPKs	AF78_S16__interleaved_Abundance-RPKs	AF28_S21__interleaved_Abundance-RPKs	AF61_S50__interleaved_Abundance-RPKs	AF11_S70__interleaved_Abundance-RPKs	AF33_S15__interleaved_Abundance-RPKs	AF29_S10__interleaved_Abundance-RPKs	AF01_S88__interleaved_Abundance-RPKs	AF14_S47__interleaved_Abundance-RPKs	AF70_S17__interleaved_Abundance-RPKs	AF83_S53__interleaved_Abundance-RPKs	AF03_S22__interleaved_Abundance-RPKs	AF24_S65__interleaved_Abundance-RPKs	AF23_S76__interleaved_Abundance-RPKs	AF22_S59__interleaved_Abundance-RPKs	AF16_S12__interleaved_Abundance-RPKs	AF46_S84__interleaved_Abundance-RPKs	AF19_S87__interleaved_Abundance-RPKs	AF76_S40__interleaved_Abundance-RPKs	AF51_S34__interleaved_Abundance-RPKs	AF18_S72__interleaved_Abundance-RPKs	AF75_S28__interleaved_Abundance-RPKs	AF35_S19__interleaved_Abundance-RPKs	AF38_S55__interleaved_Abundance-RPKs	AF42_S33__interleaved_Abundance-RPKs	AF41_S66__interleaved_Abundance-RPKs	AF89_S94__interleaved_Abundance-RPKs	AF90_S9__interleaved_Abundance-RPKs	AF27_S52__interleaved_Abundance-RPKs	AF54_S1__interleaved_Abundance-RPKs	AF93_S77__interleaved_Abundance-RPKs	AF32_S2__interleaved_Abundance-RPKs	AF55_S20__interleaved_Abundance-RPKs	AF04_S45__interleaved_Abundance-RPKs	AF10_S92__interleaved_Abundance-RPKs	AF53_S42__interleaved_Abundance-RPKs	AF80_S37__interleaved_Abundance-RPKs	AF44_S31__interleaved_Abundance-RPKs	AF06_S67__interleaved_Abundance-RPKs	AF34_S41__interleaved_Abundance-RPKs	AF92_S63__interleaved_Abundance-RPKs	AF65_S80__interleaved_Abundance-RPKs	AF74_S35__interleaved_Abundance-RPKs	AF91_S23__interleaved_Abundance-RPKs	AF64_S82__interleaved_Abundance-RPKs	AF48_S89__interleaved_Abundance-RPKs	AF88_S48__interleaved_Abundance-RPKs	AF25_S7__interleaved_Abundance-RPKs	AF26_S11__interleaved_Abundance-RPKs	AF84_S8__interleaved_Abundance-RPKs	AF62_S71__interleaved_Abundance-RPKs	AF94_S51__interleaved_Abundance-RPKs	AF02_S91__interleaved_Abundance-RPKs	AF86_S24__interleaved_Abundance-RPKs	AF59_S75__interleaved_Abundance-RPKs	AF79_S93__interleaved_Abundance-RPKs	AF81_S6__interleaved_Abundance-RPKs	AF47_S74__interleaved_Abundance-RPKs	AF82_S5__interleaved_Abundance-RPKs	AF37_S4__interleaved_Abundance-RPKs	AF67_S46__interleaved_Abundance-RPKs	AF45_S73__interleaved_Abundance-RPKs	AF12_S32__interleaved_Abundance-RPKs	AF63_S57__interleaved_Abundance-RPKs	AF57_S18__interleaved_Abundance-RPKs	AF52_S83__interleaved_Abundance-RPKs	AF71_S39__interleaved_Abundance-RPKs	AF05_S69__interleaved_Abundance-RPKs	AF39_S49__interleaved_Abundance-RPKs	AF08_S78__interleaved_Abundance-RPKs	AF49_S36__interleaved_Abundance-RPKs	AF73_S58__interleaved_Abundance-RPKs	AF09_S68__interleaved_Abundance-RPKs	AF31_S3__interleaved_Abundance-RPKs	AF40_S27__interleaved_Abundance-RPKs	AF87_S30__interleaved_Abundance-RPKs	AF21_S85__interleaved_Abundance-RPKs	AF43_S86__interleaved_Abundance-RPKs	AF20_S56__interleaved_Abundance-RPKs	AF36_S26__interleaved_Abundance-RPKs	AF50_S90__interleaved_Abundance-RPKs	AF66_S60__interleaved_Abundance-RPKs	AF68_S43__interleaved_Abundance-RPKs	AF85_S81__interleaved_Abundance-RPKs	AF30_S61__interleaved_Abundance-RPKs	AF07_S29__interleaved_Abundance-RPKs	AF17_S25__interleaved_Abundance-RPKs	AF56_S64__interleaved_Abundance-RPKs
MF0063	209.772	0.0	0.0	0.0	8.87854	37.8691	0.0	0.0	0.0	68.1156	5.69477	42.5379	0.0	0.0	0.0	0.0	0.0	131.55	0.0	0.0	0.0	0.0	0.0	301.122	0.0	5.63619	0.0	0.0	23.9506	0.0	12.8484	0.0	64.4468	200.553	9.24582	0.0	0.0	32.6282	0.0	0.0	0.0	211.196	3.47874	141.272	68.605	0.0	0.0	252.567	0.0	8.25724	0.0	0.0	22.554	1.99562	34.0513	3.28729	0.0	0.0	0.0	164.557	0.0	0.0	192.819	0.0	0.0	0.0	268.409	0.0	15.5084	77.2149	0.0	0.0	4.2061	0.0	4.17271	0.0	309.012	201.084	0.0	0.0	0.0	0.0	38.4268	0.0	0.0	0.0	11.7679	0.0	130.979	0.0	0.0	33.9383	0.0
MF0020	162.73905000000002	27.34553	0.0	342.00149999999996	424.304	27.331000000000003	322.636	0.0	0.0	110.84295	33.4232	391.4915	1.984795	58.9863	118.0745	353.32050000000004	234.0283	0.0	47.709450000000004	0.0	50.382850000000005	140.0015	10.054120000000001	459.04949999999997	140.27085	111.4796	0.0	18.348455	134.28699999999998	58.906895	0.0	123.0764	25.12845	192.0735	103.9964	0.0	0.0	33.73605	47.315200000000004	0.0	191.00410000000002	105.36345000000001	108.59415	0.0	115.64420000000001	30.9165	181.54815	397.645	22.996705	196.83124999999998	69.3836	75.02885	177.15210000000002	430.21400000000006	88.8484	176.67405	87.45859999999999	1.0550950000000001	13.49649	28.0567	0.0	97.8501	111.87344999999999	50.541650000000004	96.2464	193.026	171.37810000000002	66.4454	469.221	94.1245	169.65287500000002	107.7312	18.1308	105.03775000000002	6.33841	502.3718	259.8004	308.8225	299.2182	66.38974999999999	150.773	12.60774	0.0	299.357515	0.0	12.062249999999999	424.2195	380.14645	0.0	0.0	0.0	17.260375	31.38445
MF0064	0.0	0.0	95.22125	0.0	14.759235	0.0	0.0	91.1998	0.0	53.7088	0.0	29.52845	0.0	2.817015	0.0	0.0	0.0	0.0	0.0	0.0	0.0	0.0	0.926088	0.0	0.0	0.0	0.0	0.0	0.0	0.0	7.715490000000001	0.0	0.0	0.0	1.26673	0.0	88.43090000000001	9.553165	0.0	0.0	0.0	0.0	0.0	0.0	0.0	0.0	0.0	0.0	3.143085	8.12898	0.0	0.0	0.0	0.0	0.0	0.0	0.0	0.0	0.0	0.0	0.0	9.60969	0.0	0.0	0.0	25.595750000000002	0.0	0.0	0.0	0.0	0.0	0.0	0.0	25.99055	0.0	0.0	0.0	0.0	28.728650000000002	71.813	0.0	0.0	0.0	0.0	0.0	0.0	9.769185	1.6497000000000002	0.0	0.0	0.0	25.80115	0.0
MF0061	155.701	0.0	98.8604	149.38	261.78	88.0254	119.966	96.5439	0.0	222.805	10.0074	354.217	0.0	63.1998	0.0	308.725	370.487	52.2904	0.0	0.0	31.7351	101.245	2.36382	79.19	309.679	205.583	0.0	0.0	17.5105	0.0	345.385	139.093	57.6416	197.802	137.835	151.112	99.9296	18.1343	73.6366	26.2643	419.755	122.562	153.66	92.4037	142.182	0.0	0.0	94.39866666666667	11.5581	170.148	73.8938	0.0	221.053	261.043	158.575	185.997	687.266	3.68881	0.0	48.2679	0.0	70.3655	170.356	269.973	46.6386	89.9859	243.635	0.0	620.064	183.569	41.27755333333334	82.3896	23.3912	37.6811	7.00348	745.451	36.04366666666667	220.164	38.5876	85.5978	184.582	0.0	30.8156	0.0	0.0	19.716	509.62	415.362	121.817	0.0	0.0	39.465	36.5451
MF0062	0.0	0.0	0.0	0.0	0.0	0.0	15.753880833333332	0.0	0.0	0.0	0.0	0.0	0.0	0.0	0.0	0.0	0.0	0.0	0.0	0.0	0.0	2.3966706666666666	0.0	0.0	0.0	0.0	0.0	0.0	3.691295	0.0	0.0	18.591393333333333	0.0	0.0	0.0	0.0	0.0	0.0	0.0	0.0	0.0	0.0	0.0	0.0	0.0	0.0	0.0	0.0	0.0	0.0	0.0	0.0	0.0	0.0	0.0	0.0	0.0	0.0	0.0	0.0	0.0	0.0	0.0	0.0	1.084183	0.0	0.0	0.0	0.0	0.0	0.0	0.0	0.0	0.0	0.0	0.0	0.0	0.0	0.0	0.0	0.0	0.0	0.0	0.0	0.0	0.0	0.0	0.0	0.0	0.0	0.0	0.0	0.0
MF0060	0.0	0.0	0.0	0.0	0.0	30.6444	0.0	0.0	0.0	95.711	0.0	185.344	0.0	0.0	0.0	0.0	0.0	0.0	4.83801	0.0	0.0	0.0	0.0	43.7333	0.0	0.0	0.0	0.0	2.25339	0.0	19.578	3.83727	5.86165	62.0263	0.0	0.0	0.0	20.5781	0.0	0.0	0.0	0.0	0.0	0.0	0.0	0.0	0.0	0.0	0.0	0.0	0.0	0.0	10.1696	356.691	11.5183	0.0	0.0	0.0	0.0	0.0	0.0	0.0	0.0	0.0	0.0	0.0	20.7371	0.0	0.0	256.558	0.0	0.0	0.0	0.0	0.0	0.0	0.0	132.653	0.0	0.0	0.0	0.0	0.0	0.0	0.0	0.0	11.1492	0.0	71.1498	0.0	0.0	0.0	0.0
MF0027	0.0	0.0	0.0	0.0	0.0	23.4526	0.0	0.0	0.0	0.0	0.0	0.0	0.0	0.0	0.0	0.0	0.0	4.95127	0.0	0.0	0.0	0.0	0.0	0.0	0.0	0.0	0.0	0.0	0.0	0.0	0.0	0.0	0.0	0.0	0.0	0.0	0.0	0.0	0.0	0.0	0.0	0.0	0.0	0.0	0.0	0.0	0.0	0.0	0.0	0.0	0.0	0.0	0.80749	0.0	0.0	0.0	0.0	0.0	0.0	0.0	0.0	0.0	0.0	0.0	0.0	0.0	2.3759	0.0	0.0	0.0	0.0	0.0	0.0	0.0	0.0	0.0	0.0	0.0	0.0	0.0	0.0	0.0	0.0	0.0	0.0	0.0	0.0	0.0	0.0	0.0	0.0	0.0	0.0
MF0028	363.534	0.0	0.0	0.0	0.0	36.23	0.0	0.0	3.33278	0.0	2.03812	3.86832	0.0	0.570172	40.6229	188.043	0.0	99.5411	153.408	0.0	22.2556	5.25762	384.685	281.223	210.133	0.0	0.0	0.0	17.5645	0.0	15.39	70.7353	52.9039	18.1635	25.1032	0.0	3.06549	117.184	24.5822	51.6409	155.689	439.808	0.0	63.6474	100.562	380.447	2.12053	172.09	426.604	0.0	183.807	5.98558	8.74099	94.4291	40.5692	5.03947	130.25	0.0	856.621	0.0	0.0	0.0	282.291	14.9483	2.12079	0.0	15.9808	0.0	3.30306	146.437	25.1265	0.0	1.75004	175.547	4.90091	0.0	330.739	196.302	17.3677	6.65451	0.0	378.566	12.6094	2.18933	0.0	0.0	1.3312	26.3048	66.5045	0.0	0.0	5.203	74.2813
MF0069	0.0	0.0	0.0	0.0	0.0	0.0	0.0	0.0	0.0	2.67564	0.0	0.0	0.0	0.0	0.0	0.0	0.0	0.0	0.0	0.0	0.0	0.0	0.0	0.0	0.0	0.0	0.0	0.0	2.67437	0.0	0.0	3.193	3.79689	0.40315	0.0	0.0	0.0	0.0	0.0	2.30728	0.0	0.0	0.0	0.0	39.4736	0.0	0.0	0.0	0.0	0.0	13.4438	0.0	0.0	0.200411	1.07992	0.0	0.0	0.0	0.0	160.132	0.0	0.0	0.0	0.0	0.0	0.0	0.0	0.0	0.0	0.0	7.2684	0.0	0.0	0.0	0.0	0.0	0.0	0.0	0.0	0.0	0.0	0.0	1.76572	0.0	0.0	0.0	1.31945	0.0	14.4152	0.0	0.0	2.16514	19.0226
MF0025	0.0	0.0	0.0	0.0	0.0	0.0	0.0	0.0	0.0	0.0	0.0	0.0	0.0	0.61655	0.0	0.0	0.0	0.0	0.0	0.0	0.0	0.0	0.0	1.69934	0.0	0.0	0.0	0.0	5.23101	0.0	0.0	0.0	0.0	0.414083	0.170932	0.0	0.0	0.0	0.0	0.0	0.0	0.0	0.0	0.0	0.138379	0.0	0.0	0.0	0.0	0.0	0.0	0.0	0.0	0.0	0.0	0.0	0.0	0.0	0.0	0.0	0.0	0.0	0.0	0.0	0.0	0.0	0.0	0.0	0.0	0.0	0.0	0.0	0.0	0.0	0.0	0.0	0.0	0.0	0.0	0.0	0.0	0.0	0.0	0.0	0.0	0.0	0.0	0.0	0.0	0.0	0.0	0.0	0.0
MF0026	0.0	4.32197	107.04425	153.92775	355.25350000000003	0.0	22.953665	107.1105	0.0	108.3184	0.0	85.75874999999999	0.0	41.0533	115.041	0.0	264.7445	0.0	233.793575	0.0	107.5515	46.030695	632.30382	0.0	0.0	21.685609999999997	0.0	0.0	271.64128500000004	0.0	12.366355	85.19655	38.415630500000006	245.02445	98.5304	0.0	120.3875	236.18144999999998	120.81432000000001	0.0	79.582935	0.0	136.3725	0.0	0.0	0.0	0.0	0.0	644.0528	180.13505999999998	0.0	207.998825	68.83835	47.75756500000001	79.1789	16.337564999999998	0.0	0.0	434.15175	0.0	0.0	42.87089999999999	0.0	59.56715	35.833909999999996	87.549	225.82384	16.058844999999998	88.770015	0.0	0.0	217.1846	0.0	305.15959999999995	0.0	41.994749999999996	0.0	0.0	238.24375	115.1605	182.62835	655.426855	0.0	269.2662	0.0	0.0	389.347	281.953	119.57636000000001	0.0	0.0	29.76815	0.0
MF0067	190.039	0.0	175.967	0.0	184.512	56.3208	102.395	189.308	991.628	180.253	17.737	354.217	0.0	93.1863	0.0	221.463	288.626	100.511	406.43	0.0	33.8787	51.4527	473.512	299.818	240.272	117.043	0.0	0.0	26.6181	0.0	354.669	135.009	51.6071	322.235	177.82	0.0	186.806	360.474	71.7814	21.5268	320.848	253.89	0.0	165.715	504.395	0.0	0.0	186.325	497.348	380.472	120.101	0.0	252.992	210.648	122.413	274.865	0.0	0.0	0.0	89.3925	0.0	249.36	151.895	292.668	17.1456	137.123	256.168	0.0	388.813	258.939	260.287	71.359	24.7385	491.682	0.0	0.0	179.568	334.505	77.8798	145.666	117.917	411.352	36.5561	0.0	0.0	0.0	315.019	273.418	126.488	0.0	0.0	293.052	43.7382
MF0023	0.0	0.0	0.0	0.0	0.0	0.0	0.0	0.0	0.0	0.0	0.0	0.0	0.0	0.0	0.0	0.0	0.0	0.0	0.0	0.0	0.0	0.0	0.0	0.0	0.0	0.0	0.0	0.0	0.0	0.0	0.0	0.0	6.32781	0.0	0.0	0.0	0.0	0.0	0.0	0.0	0.0	0.0	0.0	0.0	0.0	0.0	0.0	0.0	0.0	0.0	0.0	0.0	0.0	0.0	7.15398	0.0	0.0	0.0	0.0	0.0	0.0	0.0	0.0	0.0	0.0	0.0	0.0	0.0	0.0	0.0	0.0	0.0	0.0	0.0	0.0	0.0	0.0	0.0	0.0	0.0	0.0	0.0	0.0	0.0	0.0	0.0	0.0	0.0	0.0	0.0	0.0	0.0	0.0
MF0068	217.109	32.424	296.66	498.101	450.168	84.5085	229.723	277.201	0.0	343.622	46.6821	552.163	2.80856	185.39	289.696	427.064	376.052	135.052	662.78	216.143	101.615	203.554	592.678	354.729	385.081	336.444	0.0	39.31	65.8783	858.014	847.868	258.252	127.524	571.186	245.34	423.822	295.606	624.64	94.8329	26.078	547.543	252.989	199.099	254.168	764.925	1199.75	562.938	350.821	658.636	468.898	111.303	62.3029	159.728	440.975	304.896	127.741	871.286	2.95114	919.595	173.285	0.0	206.106	207.752	625.659	129.587	181.412	310.519	222.479	705.288	184.13	445.312	161.671	21.9202	748.988	12.1558	412.676	379.426	356.302	179.455	276.766	306.662	533.237	76.1874	394.731	0.0	16.9675	575.201	526.44	206.105	514.314	0.0	85.0534	41.5588
MF0024	0.0	0.0	0.0	0.0	0.0	0.0	0.0	0.0	0.0	0.0	0.0	0.0	0.0	22.701	0.0	0.0	0.0	0.0	0.0	0.0	0.0	0.0	0.0	0.0	0.0	0.0	0.0	0.0	0.0	0.0	0.0	0.0	2.28656	0.0	0.0	0.0	0.0	0.0	0.0	0.0	0.0	0.0	0.0	0.0	0.0	0.0	0.0	0.0	0.0	0.0	0.0	0.0	0.0	0.870447	6.09448	0.0	0.0	0.0	0.0	174.947	0.0	0.0	0.0	0.0	0.0	0.0	0.0	0.0	0.0	0.0	4.95568	0.0	0.0	0.0	0.0	0.0	0.0	0.0	0.0	0.0	0.0	0.0	0.0	0.0	0.0	0.0	7.21885	0.0	0.0	0.0	0.0	0.0	0.0
MF0101	0.0	0.0	0.0	0.0	0.0	0.0	0.0	0.0	0.0	0.0	0.0	0.0	0.0	0.0	0.0	0.0	0.0	0.0	0.0	0.0	0.0	0.0	0.0	0.0	0.0	0.0	0.0	0.0	4.3909	0.0	0.0	0.0	0.272805	0.0	0.0	0.0	0.0	0.0	0.0	0.0	0.0	0.0	0.0	0.0	0.245497	0.0	0.0	0.0	0.0	0.0	0.0	0.0	0.0	0.0	0.0	0.0	0.0	0.0	0.0	0.0	0.0	0.0	0.0	0.0	0.0	0.0	0.446078	0.0	0.0	0.0	0.0	0.0	0.0	0.0	0.0	0.0	0.0	0.0	0.0	0.0	0.0	0.0	0.0	0.0	0.0	0.0	0.0	0.0	0.0	0.0	0.0	0.0	0.0
MF0021	232.2015	8.221275	0.0	30.114614999999997	26.3207	18.51395	25.9947	0.0	191.6985	0.0	0.0	5.08549	0.0	0.0	0.0	177.502	2.550715	47.68895	2.970345	0.0	14.395695	107.86125	0.0	235.57049999999998	3.18369	0.0	0.0	0.0	399.10184000000004	0.0	0.0	46.989599999999996	24.46235	22.8539	0.0	0.0	0.0	6.984185	14.106659999999998	14.0659	14.215050000000002	183.3535	28.52629	42.78765	84.48570000000001	0.0	0.0	442.7685	0.0	0.0	58.898300000000006	0.0	46.54945	26.930375	33.64283	129.0135	0.0	0.0	0.516151	52.1048	0.0	305.02549999999997	56.17555	0.0	57.9046	0.0	0.0	0.0	280.5795	15.24994	14.35755	3.0936950000000003	1.6248049999999998	0.0	1.79792	67.5685	85.51159999999999	233.1035	0.0	0.0	0.0	0.0	25.958	0.0	0.0	10.679175	232.628	13.65421	29.484	0.0	0.0	335.8285	25.689
MF0065	0.0	0.0	0.0	75.3852	27.764515	0.0	81.23035	0.0	0.0	99.94325	13.57	163.8595	0.0	59.7886	42.812949999999994	234.0335	180.491	0.0	96.09464999999999	0.0	41.7491	85.2027	210.9705	0.0	100.21335	0.0	0.0	0.0	60.41135	0.0	0.0	137.626	29.65755	0.0	69.99745	0.0	0.0	150.656	0.0	0.0	89.1512	0.0	98.33165	61.672000000000004	126.04889999999999	0.0	0.0	233.2255	0.0	0.0	0.0	0.0	133.651	102.2256	81.8673	128.55855000000003	0.0	0.0	0.0	91.501	0.0	208.71385	0.0	41.23815	36.9089	0.0	0.0	0.0	0.0	0.0	0.0	38.5545	14.6797	157.85915	0.0	413.61605000000003	0.0	0.0	77.4962	0.0	0.0	0.0	0.0	0.0	0.0	0.0	293.491	129.91215	102.67935	0.0	0.0	192.8057	0.0
MF0022	212.48	0.0	0.0	0.0	14.9594	9.83029	0.0	0.0	0.0	0.0	0.0	0.0	0.0	0.0	0.0	178.413	0.0	56.3932	0.0	0.0	0.0	89.8273	0.0	277.652	4.95147	0.0	0.0	0.0	28.2955	0.0	0.0	67.0328	14.9149	20.3383	2.46989	0.0	0.0	0.0	19.11	23.4016	9.44334	203.942	0.0	32.6726	33.6542	0.0	0.0	0.0	0.0	0.0	81.9835	0.0	6.3871	0.0	17.2629	0.0	0.0	0.0	0.0	15.6477	0.0	0.0	143.862	2.97026	0.0	0.0	0.0	0.0	159.926	37.4537	15.1674	0.0	0.0	0.0	0.0	0.0	0.0	83.2421	0.0	0.0	0.0	0.0	6.72378	0.0	0.0	0.0	51.225	0.0	0.0	0.0	0.0	0.0	33.3188
MF0066	0.0	0.0	0.0	0.0	0.0	0.0	0.0	0.0	0.0	0.0	0.0	0.0	0.0	0.0	0.0	0.0	0.0	0.0	185.6205	0.0	0.0	110.87015	443.9115	201.74099999999999	0.0	0.0	0.0	0.0	37.11305	0.0	0.0	46.08565	14.1572	23.813499999999998	5.51019	0.0	0.0	141.3105	14.066080000000001	0.0	0.0	0.0	0.0	0.0	61.61665000000001	0.0	0.0	108.394055	479.27250000000004	0.0	0.0	0.0	0.0	0.0	39.924549999999996	103.58424	0.0	0.0	0.0	30.27615	0.0	0.0	0.0	0.0	72.57215	0.0	85.3223	0.0	274.6835	0.0	0.0	0.0	0.0	259.3435	0.0	0.0	293.799	0.0	35.102759999999996	0.0	0.0	425.4035	0.0	0.0	0.0	0.0	130.68515	0.0	81.0992	0.0	0.0	0.0	0.0
MF0018	615.008	0.0	90.9425	43.0173	175.673	49.3777	12.8303	93.5603	10.5255	50.7864	0.0	47.5708	0.0	7.05457	21.343	568.106	237.98	173.819	77.5229	0.0	40.2044	4.33221	30.593	25.1025	12.2534	0.0	0.0	0.0	2.65354	0.0	4.55114	86.5558	10.3326	7.40028	24.0536	0.0	94.1676	70.9939	25.9418	49.5886	20.952	576.479	93.6998	224.444	0.0	0.0	0.0	0.0	11.5847	7.6324	298.343	4.18374	146.294	66.88	38.4823	35.6131	0.0	0.0	0.0	6.42494	0.0	14.3811	385.349	33.894	9.76835	36.1822	235.474	0.0	0.0	122.023	41.2471	39.0341	0.0	97.9121	0.0	29.8265	0.0	54.9116	31.6326	92.3691	14.808	31.3976	20.3502	14.5251	0.0	0.0	209.307	173.461	53.1765	0.0	0.0	16.8902	97.0228
MF0019	0.0	0.0	0.0	34.9225	261.78	0.0	0.0	0.0	0.0	37.4179	0.0	0.0	0.0	0.0	0.0	0.0	117.384	0.0	0.0	0.0	0.0	4.79723	0.0	153.802	0.0	0.0	0.0	0.0	23.8995	0.0	0.0	15.4428	7.93671	13.0658	14.7456	0.0	0.0	0.0	0.0	0.0	0.0	0.0	59.41	0.0	101.528	0.0	0.0	0.0	0.0	0.0	0.0	0.0	13.9449	9.88147	35.3543	0.0	0.0	0.0	0.0	0.0	0.0	0.0	0.0	17.1431	0.0	0.0	0.0	0.0	0.0	40.8888	0.0	0.0	0.0	0.0	0.0	0.0	264.956	0.0	0.0	0.0	0.0	0.0	0.0	9.08992	0.0	0.0	227.453	153.151	0.0	0.0	0.0	4.7343	0.0
MF0074	8.34573	4.58686	0.0	25.2479	103.705	21.692	5.16747	0.0	0.0	2.36616	6.8982	289.823	1.49881	0.883163	0.0	493.533	25.7295	64.3626	156.14	0.0	48.2084	177.761	386.542	272.37	18.3704	5.53254	0.0	27.6588	55.798	6.45448	1.80877	159.138	7.03479	217.366	8.85609	1.8313	0.0	132.889	32.3284	3.90252	24.5711	0.0	25.287	218.682	123.0	0.0	7.28504	13.8871	482.925	0.0	19.3263	0.0	62.4628	11.5841	36.3612	12.9514	245.843	1.64095	1.49689	17.7864	0.0	72.2931	4.39851	0.830495	114.761	0.0	40.1759	6.20006	301.022	130.357	414.779	10.3177	7.6045	183.877	6.2368	7.21206	474.428	30.9182	0.0	0.0	2.5941	373.886	79.9447	5.53491	0.0	8.08274	438.022	82.131	0.0	0.0	0.0	5.7265	2.88888
MF0075	418.33	0.0	277.732	0.0	31.3253	51.1992	6.4559	277.654	1.46918	94.662	9.8932	73.9263	0.0	154.45	6.20016	279.826	0.0	98.3652	6.19313	0.0	2.10684	4.65284	1.17654	167.01	23.4124	10.6945	0.0	0.0	20.448	3.13832	26.9812	17.054	51.3489	304.672	15.6456	0.0	296.392	38.6799	2.65242	45.6338	2.01515	414.725	0.0	59.7281	73.3043	0.0	0.0	5.17351	9.94228	19.4383	193.706	0.0	56.3853	2.69865	43.6584	6.97411	0.0	0.656329	0.0	84.3077	0.0	164.25	391.555	14.6314	3.69582	78.4506	45.7278	0.0	4.52752	73.6997	99.5392	0.0	8.01642	85.078	4.97069	6.47929	369.849	31.2311	116.293	249.03	0.0	0.0	18.38	0.0	0.0	0.0	9.77587	21.6952	61.3835	0.0	0.0	53.9637	75.1983
MF0031	0.0	0.0	136.87	9.85233	42.4724	9.19463	2.64386	144.357	0.0	196.605	5.09	40.2695	0.0	0.366076	0.0	0.0	0.0	0.0	5.01962	0.0	5.53428	78.8116	1.5705	22.5239	0.0	2.71153	0.0	15.6665	3.72766	0.0	8.83472	10.9548	2.92904	98.1163	4.55105	0.0	154.47	18.2243	0.0	0.0	3.68507	4.62303	1.05325	0.0	28.4693	0.0	4.70559	2.18283	4.9805	10.514	2.45241	0.0	5.48202	0.0	1.66112	0.0	0.0	0.824918	0.757381	15.6635	0.0	67.3383	50.7796	0.0	66.6456	48.045	4.48855	0.0	159.751	163.928	0.0	3.81716	6.08303	50.6652	3.60153	2.56182	7.88016	7.50931	45.098	132.627	2.39205	0.0	0.0	0.0	0.0	4.0006	197.206	8.95264	0.0	0.0	0.0	52.4303	0.0
MF0072	406.118	0.0	123.812	0.0	25.1744	77.2901	0.0	127.112	0.0	92.30489	12.8139	141.43606666666668	0.0	56.7047	25.0705	316.428	14.6135	105.92	147.42	0.0	7.37486	12.8933	340.35	178.495	125.441	7.27947	0.0	0.0	32.992	0.0	22.1131	19.0797	30.093766666666667	244.193	18.3818	0.0	135.584	150.917	0.0	56.42629	92.9696	454.213	0.0	97.95866666666667	64.58716333333332	0.0	4.494166666666666	159.89623333333333	457.692	9.6798	197.013	0.0	40.15377	45.9839	29.07993333333333	8.184066666666666	0.0	0.678899	0.0	194.714	0.0	11.7831	367.967	18.6961	0.0	44.1788	81.2397	0.0	146.40472333333332	193.996	44.933	0.0	7.55679	254.924	4.33676	9.24807	115.09433333333334	256.32766666666663	45.7655	124.796	5.1218	327.938	72.48136666666666	7.586283333333333	0.0	1.544	15.1785	43.4369	44.07331333333334	0.0	0.0	34.4325	79.8184
MF0073	0.0	0.0	0.0	0.0	0.0	6.19111	0.0	0.0	0.0	0.0	0.0	0.0	1.68689	3.55006	2.6262	24.9544	0.0	5.2501275	0.0	0.0	43.2033	5.74	0.0	195.529	16.4174	0.0	0.0	0.0	10.6209	0.0	0.0	194.289	0.0	0.315061	0.0	0.0	0.0	0.0	77.0153	0.0	30.1707	0.0	0.0	0.0	52.0333	0.0	0.0	160.861	0.0	0.0	0.0	0.0	0.946346	0.429436	6.61302	0.0	0.0	1.68802	0.0	0.0	0.0	0.0	0.0	0.0	3.749	0.0	4.016095	0.0	9.29631	47.9209	0.0	1.9673	1.93673	0.0	6.75231	0.0	247.651	3.54923	0.0	0.0	0.0	0.0	0.0	0.0	0.0	2.6009	33.9649	0.0	0.0	0.0	0.0	0.0	0.0
MF0070	249.799	0.0	239.778	124.071	45.9418	24.2071	88.6658	230.537	0.0	105.646	0.0	99.8944	0.0	45.2382	100.164	153.754	47.7559	71.1475	559.749	12.6845	20.1554	148.015	473.998	156.56	151.553	117.168	0.0	0.0	789.207	0.0	83.4516	76.5278	43.9091	118.495	8.67678	0.0	256.332	607.611	34.1364	25.7875	143.278	246.349	96.0368	110.83	82.4231	0.0	0.0	307.549	480.052	23.2611	107.846	33.5688	112.784	46.658	52.4054	197.396	0.0	0.0	0.0	56.8165	0.0	354.056	155.254	66.3742	106.219	124.051	159.532	100.99	425.408	43.0312	13.5446	23.6459	13.3262	616.846	0.0	591.545	266.884	199.773	149.945	236.605	149.018	456.75	11.5001	0.0	0.0	18.4986	247.651	27.9528	117.143	0.0	0.0	373.239	36.9286
MF0071	181.8375	0.0	140.406	91.77969999999999	134.22860000000003	34.86875	21.132765	0.0	0.0	143.981	14.71285	349.02549999999997	0.0	94.76395	130.3713	277.248	150.4075	88.80995	295.3905	0.0	176.31905	73.113165	439.0105	221.7055	217.4015	311.488805	0.0	0.0	37.013149999999996	707.644	211.48465	152.33	44.380449999999996	340.059	110.68504999999999	689.0550000000001	159.6565	230.6445	188.3515	33.50475	165.4315	187.4125	54.3063	135.06255000000002	261.9365	0.0	368.28	114.78835	493.1765	551.6925	93.50445	0.0	92.6857	210.08999999999997	91.60195	33.80355	0.0	0.0	0.0	175.1895	0.0	65.8763	198.39350000000002	180.9957	49.518685	179.0106	247.226	0.0	0.0	162.437	0.0	232.536	12.495249999999999	303.7815	6.142325	26.83941	239.01805	240.66649999999998	106.6285	144.72449999999998	132.88277999999997	0.0	28.028599999999997	14.573014999999998	0.0	0.0	321.938	238.16500000000002	126.975	0.0	0.0	44.57885	36.61085
MF0038	0.0	0.0	0.0	0.0	16.2725	0.0	5.36293	0.0	0.0	136.87	3.68201	0.0	0.0	0.0	58.3267	0.0	18.6724	0.0	0.0	0.0	66.2951	0.0	0.0	5.26234	166.055	5.32497	0.0	0.0	4.80224	0.0	0.0	3.59054	70.5976	41.7837	0.0	0.0	0.0	0.0	9.56199	0.0	84.8122	0.0	7.90583	7.3926	21.0684	0.0	0.0	0.0	0.0	12.3629	0.0	37.8393	15.0256	0.0	67.3216	9.31157	0.0	0.0	0.0	0.0	0.0	0.0	0.0	24.6931	0.0	0.0	210.374	10.7915	21.3901	0.0	0.0	16.5005	2.39149	0.0	0.0	0.0	0.0	3.69707	74.7142	0.0	4.29549	0.0	17.8509	0.0	0.0	0.0	45.2795	10.1812	149.566	0.0	0.0	41.388	0.0
MF0039	0.0	0.0	0.0	0.0	0.0	0.0	0.0	0.0	0.0	0.0	0.0	0.0	0.0	0.0	0.0	3.44511	0.0	0.0	0.0	0.0	0.0	0.0	0.0	4.78082	0.0	0.0	0.0	0.0	0.0	0.0	0.0	0.0	5.6758	0.0	0.0	0.0	0.0	0.0	0.0	0.0	0.0	0.0	0.0	6.8676	0.0	0.0	0.0	1.93469	0.0	0.0	0.0	0.0	0.0	0.0	3.22489	0.0	0.0	0.0	0.0	19.2983	0.0	0.0	0.0	0.0	0.0	0.0	0.0	0.0	0.0	1.79859	0.0	0.0	0.0	0.0	0.790091	0.0	0.0	0.0	0.0	0.0	0.0	0.0	0.0	0.0	0.0	0.0	0.0	0.0	3.0605	0.0	0.0	0.0	3.86299
MF0036	0.0	0.0	0.0	0.0	0.0	0.0	0.0	0.0	0.0	58.63128333333333	0.0	0.0	0.0	9.457335	0.0	0.0	0.0	67.49415	0.0	0.0	0.0	0.0	0.0	0.0	0.0	0.0	0.0	0.0	21.6823	0.0	0.0	16.0086	23.113591666666665	68.59122500000001	12.468372500000001	0.0	0.0	0.0	0.0	0.0	0.0	0.0	3.1791650000000002	0.0	0.0	0.0	0.0	0.0	0.0	0.0	0.0	0.0	0.0	0.0	30.1685	0.0	0.0	0.0	0.0	175.84309166666668	0.0	0.0	128.32987500000002	0.0	0.0	0.0	225.583	0.0	33.95355	0.0	0.0	0.0	0.0	0.0	0.0	0.0	0.0	66.56291666666667	0.0	0.0	0.0	0.0	0.0	0.0	0.0	0.0	7.290328333333333	0.0	133.1625	0.0	0.0	8.229434999999999	0.0
MF0037	0.0	0.0	0.0	0.0	0.0	0.0	0.0	0.0	0.0	0.0	0.0	0.0	0.0	0.0	0.0	0.0	0.0	0.0	0.0	0.0	0.0	0.0	0.0	0.0	0.0	0.0	0.0	0.0	0.0	0.0	0.0	0.0	13.7888	0.0	0.0	0.0	0.0	0.0	0.0	0.0	0.0	0.0	0.0	0.0	0.0	0.0	0.0	0.0	0.0	0.0	0.0	0.0	0.0	0.0	11.442070000000001	0.0	0.0	0.0	0.0	0.0	0.0	0.0	0.0	0.0	0.0	0.0	0.0	0.0	0.0	0.0	0.0	0.0	0.0	0.0	0.0	0.0	0.0	0.0	0.0	0.0	0.0	0.0	0.0	0.0	0.0	0.0	0.0	0.0	50.31663916666666	0.0	0.0	0.0	0.0
MF0034	155.826	0.0	210.411	0.0	8.60917	56.5303	0.0	213.211	0.0	115.736	6.9868	46.3242	0.0	0.0	0.0	272.509	51.1178	94.6345	0.0	0.0	0.0	0.0	1.15371	1.85626	0.0	3.16115	0.0	0.0	0.0	3.76324	19.5823	22.7532	32.5242	199.388	32.9919	0.0	245.767	27.8974	0.0	27.3151	0.0	179.864	0.0	219.381	0.0	0.0	6.01618	2.78889	10.9289	14.443	73.3805	0.0	47.257	0.605651	10.719	7.31495	3.41827	0.796354	0.0	30.0612	0.0	10.5398	184.421	6.52312	0.0	70.1995	32.7903	1.78922	1.3036	39.3543	303.292	0.0	4.20167	84.0191	3.75616	7.10724	0.0	31.0215	71.1974	227.308	0.0	1.67907	7.10983	3.55251	0.0	0.0	17.4118	174.143	4.0402	0.0	0.0	27.1541	36.9421
MF0078	0.0	0.0	0.0	0.0	0.0	0.0	0.0	0.0	0.0	0.0	0.0	0.0	0.0	0.0	0.0	0.0	0.0	0.0	0.0	0.0	0.0	2.28191	0.0	6.25058	0.0	0.0	0.0	0.0	0.0	0.0	0.0	0.0	5.17853	0.460179	0.0	0.0	0.0	0.0	0.0	0.0	0.0	0.0	0.0	0.0	0.127043	0.0	0.0	7.32542	0.0	0.0	0.0	0.0	0.0	0.0	6.36241	0.0	196.24	0.0	0.0	0.0	0.0	0.0	0.0	0.0	0.0	0.0	0.0	0.0	6.87972	0.0	0.0	0.0	0.0	0.0	0.0	0.0	6.4799	0.0	0.0	0.0	0.0	0.0	0.0	0.0	0.0	0.0	4.50528	0.0	0.0	0.0	0.0	0.0	0.0
MF0035	230.386	0.0	235.713	0.0	25.1744	83.7642	0.0	225.707	0.0	86.546	8.954799999999999	43.132	1.93248	26.6729	0.0	298.85450000000003	0.0	91.70315	2.85344	0.0	0.0	10.423	0.0	356.302	0.0	5.03352	0.0	0.0	32.992	0.0	20.7114	19.6605	41.5934	205.952	18.3818	0.0	243.762	35.0272	2.80509	27.14965	0.0	257.477	2.97358	121.09649999999999	83.5289	0.0	0.0	225.981	10.9596	17.2633	115.019	0.0	50.062	3.27316	57.3015	7.14978	0.0	0.0	0.0	56.3752	0.0	8.27251	219.194	19.7944	3.06415	73.092	248.888	0.0	14.8287	178.347	92.1907	0.0	5.2616	78.2844	4.33676	6.02076	406.8	228.286	82.3596	196.785	0.0	1.66071	10.652450000000002	0.0	0.0	0.0	15.1785	26.3649	117.839	0.0	0.0	31.2048	43.6711
MF0079	0.0	0.0	131.004	0.0	30.6401	32.0757	0.0	146.371	0.0	154.082	0.0	36.3441	1.55175	0.0	16.5059	3.04486	0.0	0.0	15.1199	0.0	2.72889	6.15966	2.62142	239.793	85.4219	0.0	0.0	0.0	27.0395	0.0	17.0607	22.9874	20.3262	24.3475	19.3477	0.0	153.575	20.7261	0.0	1.25212	73.502	0.0	0.0	42.0872	93.7891	0.0	2.35571	96.3616	13.6866	10.6639	0.0	0.0	14.3384	51.8573	48.2796	0.0	4.27517	0.0	0.0	214.667	0.0	32.6912	0.0	1.47896	2.01891	40.8566	11.1069	0.0	14.0697	0.0	20.7053	0.0	0.0	44.7973	0.805726	0.0	263.443	0.0	51.2198	129.344	0.0	3.96989	0.0	0.0	0.0	0.0	12.6271	6.48358	103.961	0.0	0.0	75.6813	5.29788
MF0076	160.507	0.0	118.24355	0.0	34.14865	20.3264	6.5956399999999995	120.7515	0.0	107.299	6.18729	39.9928	1.646055	9.97281	0.0	227.80599999999998	0.0	54.763850000000005	93.04841	0.0	20.736199999999997	0.0	215.67736	71.72585000000001	199.16457	79.067275	0.0	0.0	3.6530294999999997	2.64965	208.629825	43.315124999999995	20.13615	163.67445	0.0	0.0	126.092	83.56395	28.711000000000002	35.21835	213.89635	219.476	23.914655	99.07925	11.27234	0.0	0.0	74.450445	220.70802500000002	21.767049999999998	102.57795	0.0	74.15885	68.80545300000001	55.19685	16.415045	0.0	1.38734	0.0	140.04755	0.0	20.8923	169.7855	24.607029999999998	0.0	49.031549999999996	39.49975	0.0	2.57152	43.11695	27.9101	0.0	3.0437899999999996	132.64395	3.32432	20.353554999999997	8.12518	20.3201	47.682950000000005	119.68950000000001	0.0	204.509295	27.2963	0.0	0.0	0.0	3.07458	6.5562450000000005	250.24099999999999	0.0	0.0	52.626149999999996	43.3031
MF0033	339.07550000000003	0.0	0.0	0.0	191.15150999999997	47.330650000000006	98.1993355	0.0	0.0	0.0	0.0	314.755845	0.0	55.035875000000004	280.87725	240.76229999999998	88.546197	93.82159999999999	281.19061999999997	0.0	243.978905	86.79485999999999	285.508195	258.5165	218.0405	0.0	0.0	0.0	320.84635	0.0	198.0075	161.7717	22.181350000000002	258.168715	106.73705000000001	0.0	1.60174	216.88553	0.0	28.5532	267.36039999999997	367.66949999999997	0.0	85.8715	304.9677	0.0	0.0	398.597	289.15373500000004	0.0	149.76585	0.0	83.123455	213.4985	127.3845	138.96732500000002	0.0	0.0	0.0	179.821	0.0	0.0	192.745	42.122699999999995	35.072705	0.0	138.00315	0.0	259.66468	149.03119999999998	42.63255	0.0	0.0	281.706435	9.862675	0.0	139.01	263.0161	273.6078	10.237124999999999	0.0	278.59342000000004	13.341335	0.0	0.0	0.0	174.53590999999997	212.09964999999997	131.57125000000002	0.0	0.0	151.79542	55.8266
MF0077	114.11433333333333	0.0	0.0	0.0	163.409	16.971366666666665	0.0	0.0	0.0	148.043	5.41885	1.0146666666666666	0.5958233333333333	22.6883	0.0	173.929	0.0	57.037	0.5955466666666667	0.0	0.0	0.6000033333333333	0.29871566666666666	57.13233333333333	0.0	3.30231	0.0	0.0	10.0316	0.8402366666666666	0.0	8.5457	4.3074	71.08033333333334	6.62644	0.0	0.0	0.44204	1.8352466666666667	14.876600000000002	0.39618	137.071	0.0	83.55733333333333	27.54086666666667	0.0	1.0063766666666667	2.0917166666666667	0.0	0.0	64.404	0.0	105.704	0.327913	3.8190000000000004	1.69181	0.0	0.0	0.0	11.743833333333333	0.0	34.5765	112.61933333333333	2.5903133333333335	0.0	0.0	61.9376	0.0	16.6744	22.589066666666668	7.954733333333333	0.0	1.7093866666666668	0.0	1.2635166666666666	10.0091	106.14699999999999	77.30499999999999	0.511388	0.0	0.0	0.0	10.9243	0.0	0.0	0.0	3.69396	33.5532	6.9036	0.0	0.0	30.0626	20.3382
MF0029	62.132	0.0	0.0	0.0	0.0	16.7443	0.0	0.0	0.0	6.04235	0.0	0.0	3.26195	27.5429	0.0	9.33443	0.0	8.78184	7.64783	0.0	15.6257	4.52057	5.89911	353.983	7.88662	0.0	0.0	0.0	16.786	0.0	0.0	76.2985	24.8189	18.296	0.0	0.0	0.0	11.3109	23.0039	80.6951	16.951	0.0	3.78725	60.4078	52.3734	0.0	0.0	253.871	2.37197	0.0	9.28727	2.03857	3.09839	0.760508	33.6035	0.0	0.0	0.0	0.0	87.9576	0.0	7.24276	24.9488	20.3562	2.44292	0.0	233.008	0.0	8.00089	0.0	59.1537	0.0	0.0	24.6727	0.0	0.0	457.003	271.197	0.0	0.0	0.0	12.8746	12.4481	0.0	0.0	0.0	15.567	2.11402	79.2821	0.0	0.0	3.73908	33.1819
MF0085	156.958825	2.6966575	0.0	1.893725	5.0523975	36.22185	0.0	0.0	0.8480375	42.8361175	11.2258225	0.0	1.10338	0.0	3.09085	361.94475	0.0	77.19505000000001	2.8420725	258.57025	0.36323	4.0684375	3.2681225	67.08003	6.507205	7.645144999999999	0.0	0.0	11.825000000000001	669.32725	2.84718	14.669025000000001	21.186437500000004	167.44125	41.328675000000004	569.012	0.6539375	0.0	0.4975325	16.887475000000002	2.7499475	165.161	0.589134	114.5712	474.08175	0.0	154.16025000000002	5.2219175	0.553625	507.65625	89.80924999999999	2.378045	45.035475	8.4126	23.191190499999998	4.2285200000000005	0.0	2.347305	0.10931725	16.350755	0.0	0.0	107.846575	3.2098925	1.7841	0.0	48.7757	0.0	4.12346	32.640699999999995	210.95145	0.0	3.702915	0.0	4.846435	9.9036275	100.78525	69.058325	5.9983	2.188485	0.0	0.4311825	9.165045	0.0	0.0	1.7455100000000001	0.924675	1.683685	121.223475	700.7887499999999	0.0	6.18755	36.3101
MF0041	0.0	0.0	0.0	0.0	0.0	0.0	0.0	0.0	0.0	65.1219	0.0	0.0	0.0	0.0	0.0	0.0	0.0	0.0	0.0	0.0	0.0	0.0	0.0	0.0	0.0	0.0	0.0	0.0	0.0	0.0	0.0	0.0	0.0	112.13095	0.0	0.0	0.0	0.0	0.0	0.0	0.0	0.0	0.0	0.0	0.0	0.0	0.0	0.0	0.0	0.0	0.0	0.0	0.0	0.0	0.0	0.0	0.0	0.0	0.0	0.0	0.0	0.0	0.0	0.0	0.0	0.0	0.0	0.0	15.8065	0.0	0.0	0.0	0.0	0.0	0.0	0.0	0.0	0.0	0.0	0.0	0.0	0.0	0.0	0.0	0.0	0.0	7.315336666666667	0.0	0.0	0.0	0.0	22.4959	0.0
MF0086	190.8955	1.672665	109.14	244.1435	237.725945	55.8781	44.687676	116.227	5.62355	185.745	20.02047	383.76750000000004	3.11519	99.0974	253.17103	236.1148	166.1986	86.64595	388.119	265.49	225.97132	115.571505	169.8845	307.152	157.1519	400.67117	0.0	12.1795	75.14685	457.231475	346.58522	196.9705	23.142850000000003	225.33100000000002	106.11645	536.5518000000001	115.258	299.799	316.4149	17.299155	209.57295	195.3405	48.692175	128.0444	338.3462	3.00921	266.9835	203.60399999999998	58.6259	471.794	97.08940000000001	415.6655	157.8158	194.957245	113.3462	31.650425	456.7065	0.4939335	0.555855	208.403	0.0	193.40832500000002	93.10505	114.0031	86.64613	190.982	252.562	167.7375	168.60415	253.64499999999998	165.51245	418.3245	10.104765	314.78499999999997	6.427935	49.2016	368.77099999999996	260.5025	235.076	105.941	468.20177	145.871	83.8549	194.52078	0.0	3.98523	306.31525	399.00350000000003	99.0618	503.515	0.0	175.44936	42.4688
MF0042	0.0	0.0	0.0	0.0	0.0	0.0	0.0	0.0	0.0	0.0	0.0	0.0	0.0	0.0	0.0	0.0	0.0	0.0	0.0	0.0	0.0	0.0	0.0	3.60921	0.0	0.0	0.0	0.0	0.0	0.0	0.0	0.0	5.32991	5.29554	0.0	0.0	0.0	0.0	0.0	0.0	0.0	0.0	0.0	0.0	0.0	0.0	0.0	0.0	0.0	0.0	0.0	0.0	0.0	0.0	15.0852	1.26247	0.0	0.0	0.0	0.0	0.0	0.0	0.0	0.0	0.0	0.0	0.0	0.0	2.04524	0.0	0.0	0.0	0.88689	0.0	0.0	0.0	0.0	0.0	0.0	0.0	0.0	0.0	0.0	0.0	0.0	0.0	0.0	0.0	6.84133	0.0	0.0	0.0	0.0
MF0040	117.27259500000001	3.82664	90.9001	0.0	14.14926	50.121900000000004	1.09014	85.51335	0.0	40.072950000000006	9.46851	34.5781	1.196075	47.90025	16.5547	245.87865000000002	0.0	67.99601	8.9587	0.525835	3.33135	3.28384	1.25539	101.399	75.6424	7.410755	0.0	0.0	7.76189	4.437585	7.39926	8.57166	19.9653	218.757	34.8666	1.545245	88.6738	9.709085	0.0	21.080775	64.3863	192.61524500000002	1.88032	89.232	24.3335	0.0	0.866335	0.597613	4.32599	7.8531249999999995	100.36625	0.0	61.7491	39.9336	42.7541	7.66982	2.17085	0.764455	0.2264135	19.431305000000002	0.0	45.893775000000005	172.07354999999998	3.03038	4.00795	30.094949999999997	153.433	0.0	1.52792	40.178960000000004	202.649155	0.0	5.643195	24.7159	3.304945	1.56219	58.8659	132.45369	27.401600000000002	78.1371	0.0	1.74735	13.559185	1.49265	0.0	0.0	10.45422	1.00086	61.7695	1.10811	0.0	21.21895	27.76542
MF0084	0.0	0.0	0.0	0.0	0.0	0.0	0.0	0.0	0.0	0.0	0.0	0.0	0.0	0.0	0.0	0.0	0.0	0.0	0.0	0.0	0.0	0.0	0.0	0.0	0.0	0.0	0.0	0.0	1.9095	0.0	0.0	0.0	0.0	0.0	0.0	0.0	0.0	0.0	0.0	0.0	0.0	0.0	0.0	0.0	0.0	0.0	0.0	0.0	0.0	0.0	0.0	0.0	0.0	0.0	0.0	0.0	0.0	0.0	0.0	0.0	0.0	0.0	0.0	0.0	0.0	0.0	0.0	0.0	0.0	0.0	0.0	0.0	0.0	0.0	0.0	0.0	0.0	0.0	0.0	0.0	0.0	0.0	0.0	0.0	0.0	0.0	0.0	0.0	0.0	0.0	0.0	0.0	0.0
MF0082	0.0	0.0	0.0	0.0	0.0	0.0	0.0	0.0	0.0	0.0	0.0	0.0	0.0	0.0	0.0	0.0	0.0	0.0	0.0	0.0	0.0	0.0	0.0	316.071	6.61594	0.0	0.0	0.0	12.191939999999999	0.0	0.0	22.111975	3.959085	0.0	0.0	0.0	0.0	0.0	0.0	0.0	3.478937	0.0	0.0	0.0	41.27905	0.0	0.0	0.0	0.0	0.0	0.0	0.0	0.0	0.0	7.9783550000000005	0.0	0.0	0.0	0.0	0.0	0.0	0.0	0.0	0.0	29.871699500000002	0.0	0.0	0.0	0.0	0.0	0.0	0.0	0.0	0.0	0.0	0.0	287.273	0.0	0.0	0.0	0.0	0.0	0.0	0.0	0.0	0.0	0.0	0.0	0.0	0.0	0.0	7.703075	0.0
MF0080	0.0	0.0	0.0	0.0	0.0	0.0	0.0	0.0	0.0	0.0	0.0	0.0	0.0	0.0	0.0	0.0	0.0	0.0	0.0	0.0	0.0	0.0	0.0	0.0	0.0	0.0	0.0	0.0	0.0	0.0	0.0	0.0	8.519355000000001	0.0	2.542135	0.0	0.0	0.0	0.0	0.0	0.0	0.0	0.0	0.0	0.0	0.0	0.0	0.0	0.0	0.0	0.0	0.0	0.0	0.0	9.88367	0.0	0.0	0.0	0.0	0.0	0.0	0.0	0.0	0.0	0.0	0.0	0.0	0.0	0.0	0.0	0.0	0.0	0.0	0.0	0.0	0.0	0.0	0.0	0.0	0.0	0.0	0.0	0.0	0.0	0.0	0.0	0.0	0.0	0.0	0.0	0.0	0.0	0.0
MF0005	192.702	0.0	0.0	0.0	0.0	14.493	3.85831	0.0	0.0	0.0	0.0	0.0	0.0	0.0	0.0	107.731	0.0	0.0	0.0	0.0	27.7586	0.0	0.0	207.967	37.3592	167.661	0.0	0.0	8.94583	0.0	266.748	80.7392	14.0197	0.0	0.0	0.0	0.0	0.0	34.9405	24.0479	18.6352	0.0	0.0	40.3395	28.7215	0.0	0.0	0.0	0.0	0.0	96.9175	0.0	4.71588	0.0	80.8497	0.0	0.0	0.0	0.0	11.1039	0.0	0.0	130.188	0.0	23.9355	0.0	0.0	0.0	128.735	28.0218	0.0	2.00324	0.0	0.0	0.0	0.0	0.0	14.3239	0.0	0.0	0.0	0.0	0.0	0.0	0.0	0.0	0.0	0.0	16.1471	0.0	0.0	2.96977	30.1478
MF0049	105.995365	3.5105199999999996	0.0	14.351	70.16640000000001	48.92085	3.6161899999999996	0.0	0.0	51.689080000000004	9.4232	167.15659999999997	1.469205	1.3160015	0.0	339.33450000000005	13.280417000000002	79.06505	167.24099999999999	0.0	36.76165	136.7881	406.1995	370.863	26.44945	10.033919999999998	0.0	22.1544	44.83995	251.15323999999998	7.471184999999999	121.6181	28.463145	281.3315	14.006595	206.94965	0.0	129.41250000000002	23.87505	18.197210000000002	17.701700000000002	0.0	14.18591	179.982	330.943	0.0	88.29301999999998	123.55455	476.78499999999997	0.0	63.87965	0.0	57.97245	6.005423499999999	39.52905	9.155725	182.64249999999998	1.6349399999999998	1.035331	118.62519999999999	0.0	65.10005	85.80625500000001	7.7377975	82.31035	0.0	137.08945	3.8943149999999997	252.75	161.2515	389.1615	7.544645	8.459455	198.0845	5.030445	5.61618	545.48	107.87910000000001	0.0	0.0	2.4735500000000004	396.2265	47.134449999999994	5.607695	0.0	0.0	334.536	53.1156	0.0	0.0	0.0	34.5616	34.53809
MF0006	221.35	0.0	0.0	23.4863	75.709	21.151	4.22015	0.0	0.0	201.302	0.0	5.83583	0.0	99.2549	9.57304	318.304	143.161	78.2266	146.502	68.4609	18.2484	42.9779	387.537	60.5967	4.21252	14.8605	0.0	9.14807	372.128	66.1325	198.641	89.2806	23.883	34.3695	74.1281	151.438	0.0	104.678	24.1224	40.0164	17.3353	286.217	50.4419	47.2182	62.7189	0.0	93.3412	193.57	386.385	115.885	146.111	36.0165	19.3807	0.198829	22.6468	5.02132	0.0	0.0	0.0	13.7095	0.0	88.0712	172.119	21.7467	28.3247	1.61713	21.3904	0.0	61.8832	57.3873	21.3551	17.8071	0.632611	142.937	0.0	2.64316	7.04157	193.352	48.4427	1.93029	93.2825	380.517	10.1653	10.5062	0.0	1.808	88.4087	234.891	10.6328	207.504	0.0	2.47637	47.7585
MF0047	165.692	0.0	0.32042	1.49466	3.0462499999999997	26.541400000000003	0.0	0.0	0.0	39.9855	2.57651	0.0	0.901445	0.405219	13.03164	197.1868	0.949215	77.5479	158.50799999999998	0.0	42.49608	6.055485	400.3855	327.882	36.208149999999996	3.480395	0.0	0.0	352.9585	0.0	0.76039	187.7106	32.10795	83.62525	5.134205	0.0	0.0	101.62455	61.727145	21.09235	34.578715	228.8865	31.71345	109.43669999999999	35.30955	0.0	0.0	443.6845	407.1645	2.23462	106.23755	5.4457	35.502285	1.46891	23.8754	5.832435	97.6135	0.0	0.0	95.96889999999999	0.0	0.0	196.63400000000001	10.203574999999999	3.65003	0.0	43.911085	0.0	8.94835	201.19205	235.60008499999998	0.588845	1.99611	150.787	1.75672	4.13274	329.83299999999997	91.15180000000001	11.61484	0.0	0.799805	397.94	8.58251	0.0	0.0	0.0	25.893075	13.0956	150.3635	0.0	0.0	16.79465	35.48695
MF0003	0.0	3.0414475000000003	0.0	0.0	0.0	0.0	0.0	0.0	0.0	0.0	0.0	0.0	2.187615	0.0	0.0	0.0	0.0	0.0	0.0	0.0	0.0	0.0	0.0	0.0	0.0	0.0	0.0	0.0	0.0	0.0	0.0	0.0	0.0	0.0	0.0	0.0	0.0	0.0	0.0	0.0	0.0	0.0	0.0	0.0	0.0	0.0	0.0	0.0	0.0	0.0	0.0	0.0	0.0	0.0	1.832318	0.0	0.0	0.0	0.0	0.0	0.0	0.0	0.0	0.0	2.85925	0.0	0.0	0.0	0.0	0.0	0.0	0.0	0.0	0.0	8.816772499999999	0.0	0.0	0.0	0.0	0.0	0.0	0.0	0.0	0.0	0.0	0.0	0.0	0.0	0.0	0.0	0.0	0.0	0.0
MF0048	293.906	56.1151	3.6965	224.772	38.0484	70.281	118.037	0.0	954.805	11.181	17.3733	293.991	0.0	8.88645	178.942	668.255	62.8628	225.054	155.045	34.9243	108.879	37.6613	442.057	392.869	425.691	214.8	0.0	0.0	50.3488	13.5489	647.558	211.934	32.7173	373.083	48.8378	1.91894	4.16754	114.962	103.508	44.2343	475.954	390.242	40.7844	284.246	92.3077	3.35755	1.86108	420.662	435.134	174.654	190.536	51.1964	144.368	151.272	120.051	208.199	216.853	3.93006	0.0	78.977	0.0	15.6535	401.367	176.746	5.07234	62.2622	190.687	130.016	321.115	487.914	675.757	244.884	22.6909	118.871	10.2711	832.139	309.455	107.31	423.17	28.5358	177.929	424.888	41.4732	136.251	0.0	23.0251	62.2118	41.2537	81.6761	0.0	0.0	13.8642	91.6973
MF0004	0.0	0.0	0.0	0.0	0.0	0.0	0.0	0.0	0.0	0.0	0.0	0.0	0.0	0.0	0.0	0.0	0.0	0.0	0.0	0.0	0.0	0.0	0.0	0.0	0.0	0.0	0.0	0.0	0.0	0.0	0.0	0.0	0.0	0.0	0.0	0.0	0.0	0.0	0.0	0.0	0.0	0.0	0.0	0.0	0.0	0.0	0.0	0.0	0.0	0.0	0.0	0.0	0.0	0.0	6.81054	0.0	0.0	0.0	0.0	0.0	0.0	0.0	0.0	0.0	0.0	0.0	0.0	0.0	0.0	0.0	0.0	0.0	0.0	0.0	0.0	0.0	0.0	0.0	0.0	0.0	0.0	0.0	0.0	0.0	0.0	0.0	0.0	0.0	0.0	0.0	0.0	0.0	0.0
MF0001	333.569	0.0	0.0	11.4261	16.9201	13.3649	1.19579	0.0	0.0	315.153	0.0	17.6831	0.0	8.68627	1.74033	177.345	112.091	106.42	0.0	0.0	34.9687	120.778	2.41012	133.969	6.03845	0.0	0.0	0.0	332.479	0.0	0.0	105.529	10.4828	3.40207	72.4656	0.0	0.0	1.54083	69.4576	45.9518	23.7317	397.448	32.8927	61.4796	34.139	0.0	0.0	232.728	7.38631	0.0	181.367	64.604	8.63191	0.974676	8.75738	3.17852	0.0	0.0	0.29302	0.0	0.0	52.676	262.317	6.60815	70.969	0.0	0.0	6.71392	166.597	54.8566	20.2172	3.05635	1.11072	4.52716	1.01452	0.0	226.287	24.281	0.932017	0.0	74.6608	2.402	14.5582	6.28675	0.0	2.48034	193.993	421.698	0.0	0.0	0.0	2.36308	58.5476
MF0045	207.6044	0.0	0.0	0.0	0.0	21.219915	0.0	0.0	0.0	0.0	2.81218	18.265259999999998	0.0	0.882906	0.0	0.0	0.0	52.686800000000005	77.89650999999999	0.0	0.0	3.26134	192.88013	155.5846	111.13825000000001	0.0	0.0	0.0	9.100753	0.0	11.88044	35.997569999999996	33.45455	80.29625	0.0	0.0	51.880745	64.64005	0.0	27.322975000000003	0.0	221.14408	0.0	75.1722	0.0	0.0	2.682905	88.863095	215.626865	0.0	102.7394	0.0	8.300825	47.629448000000004	28.189799999999998	4.54085	0.0	0.0	0.0	0.0	0.0	0.0	167.3899	8.342165	0.0	0.0	102.11640000000001	0.0	13.635580000000001	123.897	16.083975	0.0	2.3598850000000002	101.5668	4.79035	0.0	0.0	100.20415	27.101399999999998	40.348355	0.0	0.0	8.514725	0.0	0.0	0.0	2.63516	13.901245000000001	141.27825	0.0	0.0	12.70505	54.312250000000006
MF0089	0.0	0.0	0.0	0.0	0.0	0.0	0.0	0.0	0.0	0.0	0.0	0.0	0.0	0.0	0.0	0.0	0.0	0.0	0.0	0.0	0.0	0.0	0.0	0.0	5.7013275	0.0	0.0	0.0	0.0	0.0	0.0	38.593805	2.84998225	0.0	0.0	0.0	0.0	0.0	0.0	0.0	0.0	0.0	0.0	0.0	0.0	0.0	0.0	0.0	0.0	0.0	0.0	0.0	1.1975544999999999	0.0	0.0	0.0	0.0	0.0	0.0	0.0	0.0	0.0	0.0	0.0	0.0	0.0	2.3679675	0.0	0.0	0.0	0.0	0.0	0.0	0.0	0.0	0.0	0.0	4.522805	0.0	0.0	0.0	0.0	0.0	0.0	0.0	0.0	0.0	0.0	0.0	0.0	0.0	0.0	0.0
MF0002	206.406	0.0	1.63292	298.785	0.0	40.7841	10.3142	0.0	5.17642	20.113	0.0	0.0	0.0	3.8043	170.295	187.11	2.63513	57.2676	726.279	162.294	20.1459	1.75271	659.365	35.3794	475.648	137.113	0.0	0.0	4.01636	475.971	359.421	59.5055	4.49624	64.7252	9.07805	350.456	1.94972	550.217	58.3909	18.9655	624.296	210.028	5.72956	92.0255	0.560241	0.0	0.0	0.0	551.575	322.525	118.725	37.7651	17.8879	1.50866	80.3895	6.72485	63.6964	0.607105	8.17496	25.587	0.0	217.197	143.835	277.83	0.0	17.4602	19.5405	90.1605	35.4276	89.8573	16.3529	48.2789	0.0	594.682	1.40754	0.0	4.52493	9.12727	1.95443	7.21816	148.725	634.288	10.9134	270.507	0.0	0.0	0.0	6.38423	59.4359	350.154	0.0	299.725	25.7472
MF0046	475.267	0.0	0.0	0.0	2.47941	115.635	19.8644	0.0	0.0	3.89743	0.0	114.919	0.0	0.0	0.0	221.095	0.0	129.845	34.6773	0.0	0.0	0.423037	6.87527	27.5165	3.036	8.2704	0.0	0.0	20.5846	2.11352	26.5513	14.7079	33.9609	81.4575	41.9233	0.0	0.0	42.0957	0.0	52.1981	0.0	491.9	1.20617	120.347	57.676	5.27723	0.0	2.79209	22.5827	0.0	214.775	0.0	9.89889	173.426	13.9594	12.6579	222.942	0.0	0.0	32.9808	0.0	0.0	344.762	16.3477	0.0	0.0	168.386	0.0	3.02859	228.271	37.1978	0.0	3.28122	120.084	0.0	5.6105	0.0	114.321	3.4914	0.0	2.303	4.06237	19.1597	0.0	0.0	0.0	24.3524	0.0	70.7714	0.0	0.0	1.1226	86.9721
MF0087	225.754	0.0	0.0	0.0	0.0	47.3053	0.0	0.0	0.0	5.69715	4.23745	0.0	1.76119	0.978586	0.0	99.895	0.0	50.0434	0.0	0.0	0.0	4.08256	0.0	228.599	0.0	5.95632	0.0	0.0	21.6823	0.0	0.0	82.8778	14.3252	84.9234	0.408691	0.0	0.0	0.0	21.3656	0.0	0.0	221.887	1.85558	32.9894	73.4995	0.0	0.0	129.089	0.0	0.0	0.0	0.0	33.4253	1.1032	30.1685	3.84585	0.0	0.901044	0.0	266.298	0.0	0.0	181.9	0.0	2.01726	0.0	225.583	0.0	15.8065	160.704	12.4704	0.0	3.25402	0.0	2.4492	0.0	279.247	48.7509	0.0	0.0	0.0	0.0	11.3973	0.0	0.0	0.0	14.8592	0.0	149.25	0.0	0.0	4.98137	0.0
MF0043	0.0	0.0	134.756	0.0	9.49445	0.0	0.0	134.53300000000002	0.0	60.70784999999999	0.0	34.912949999999995	0.0	44.007	0.0	0.0	0.0	0.0	0.0	0.0	0.0	0.0	0.0	36.834784	0.0	0.0	0.0	0.0	0.0	0.0	9.017695	0.0	12.196295000000001	12.434004999999999	0.0	0.0	147.3025	17.03245	0.0	0.0	0.0	0.0	0.0	0.0	0.0	0.0	0.0	0.0	4.321445000000001	11.54765	0.0	0.0	13.7667	1.6350085	10.09695	0.0	0.0	0.0	0.0	0.0	0.0	33.882450000000006	0.0	0.0	0.0	49.21205	0.0	0.0	0.0	0.0	0.0	0.0	0.0	42.542249999999996	0.0	0.0	0.0	0.0	41.976	122.10165	0.0	0.0	0.0	0.0	0.0	0.0	3.88909	0.0	0.0	0.0	0.0	22.63045	0.0
MF0044	150.209	2.36487	133.029	150.429	132.645	26.5082	2.75656	127.85	0.0	67.8505	14.023	41.565	1.5944	65.2439	136.519	212.106	162.667	53.0075	179.469	161.948	83.5222	97.4457	429.972	31.465	208.443	133.467	0.0	15.6799	10.9843	524.596	369.643	89.6722	18.4475	317.663	47.682	341.216	141.975	140.446	120.621	22.2872	281.943	183.589	65.2854	100.405	436.338	3.18728	122.787	2.70161	453.343	333.937	102.062	122.551	61.6898	4.69829	58.5274	6.13449	0.0	0.990713	0.0	251.574	0.0	58.8668	175.036	164.262	71.1469	67.1995	174.603	92.0035	221.757	35.1556	18.8937	204.426	8.03304	225.717	2.33775	10.1346	8.39391	14.8542	60.8539	111.381	161.231	445.996	9.50739	15.2255	0.0	3.29333	323.67	161.109	70.1464	490.374	0.0	30.5948	27.4948
MF0088	0.0	0.0	0.0	0.0	0.0	21.5095	0.0	0.0	0.0	0.0	0.0	0.0	0.0	0.0	0.0	0.0	0.0	0.0	0.0	0.0	0.0	0.0	0.0	0.0	13.1493	0.0	0.0	0.0	0.0	0.0	0.0	95.7928	4.85259	0.0	3.26687	0.0	0.0	0.0	0.0	0.0	0.0	0.0	0.0	0.0	0.0	0.0	0.0	0.0	0.0	0.0	0.0	0.0	3.85139	0.0	1.87825	0.0	0.0	0.0	0.0	0.0	0.0	0.0	0.0	0.0	0.0	0.0	24.0729	0.0	0.0	148.497	0.0	0.0	0.0	0.0	0.0	0.0	0.0	42.1515	0.0	0.0	0.0	0.0	8.26965	0.0	0.0	0.0	0.0	0.0	0.0	0.0	0.0	0.0	0.0
MF0096	0.0	0.0	0.0	0.0	0.0	0.0	0.0	0.0	0.0	29.84360125	6.8990350000000005	0.0	1.3999125000000001	0.0	0.0	182.67874999999998	0.0	62.298199999999994	0.0	0.0	0.0	13.842681250000002	0.0	168.823925	0.0	7.1773875	0.0	0.0	38.41415	9.491779999999999	7.49125875	33.57835	38.396750000000004	188.6771225	30.17256875	0.0	0.0	64.9621375	7.66175125	94.8967	22.894156249999998	169.0243125	13.872992500000002	99.37334999999999	91.4561375	0.0	2.40242375	186.86208375	0.0	8.761569999999999	88.73127500000001	0.0	33.0215875	10.975002000000002	37.060225	4.97807	0.0	1.0974137499999999	0.0	156.07265	0.0	0.0	164.04976249999999	21.9710525	3.23901375	0.0	227.3427	0.0	19.42515375	51.242703750000004	0.0	0.0	5.4162212499999995	0.0	0.0	4.0916625	226.8324125	184.238625	0.0	0.0	0.0	0.0	32.3566	0.0	0.0	0.0	11.4225675	0.0	135.4185	0.0	0.0	21.0751	69.84620000000001
MF0052	0.0	0.0	0.0	0.0	0.0	0.0	0.0	0.0	0.0	0.0	0.0	0.0	0.0	0.0	0.0	0.0	0.0	0.0	0.0	0.0	0.0	0.0	0.0	28.3162	0.0	0.0	0.0	0.0	6.52641	0.0	0.0	0.0	7.67883	22.2213	0.0	0.0	0.0	0.0	0.0	0.0	0.0	0.0	0.0	0.0	16.1626	0.0	0.0	0.0	0.0	0.0	0.0	0.0	0.0	0.0	27.6525	0.0	0.0	0.0	0.0	0.0	0.0	0.0	0.0	0.0	0.0	0.0	3.54582	0.0	0.0	0.0	0.0	0.0	0.0	0.0	0.0	0.0	0.0	0.0	0.0	0.0	0.0	0.0	0.0	0.0	0.0	0.0	0.0	0.0	0.0	0.0	0.0	0.0	0.0
MF0050	248.1005	1.80111	76.7265	40.41225	61.1369	48.25485	4.421015	83.448	0.892625	140.7175	4.365075	16.18015	1.291675	15.9786	8.707345	187.76049999999998	113.367806	73.58455000000001	85.857805	21.3386	29.431449999999998	11.222345	193.65275000000003	424.5555	11.25145	1.173025	0.0	0.0	413.3225	62.93	5.58295	110.03004999999999	29.420199999999998	102.22415000000001	24.2914	57.32	86.1745	120.353	26.7173	23.87285	21.25605	238.2525	65.347	55.1815	241.6346065	0.0	29.93265	343.1405	206.0224925	97.17875	93.8721	0.0	37.3789	2.443605	40.9911	1.51895	3.279405	0.3138705	0.0	47.8662	0.0	162.98255	181.1765	9.06977	7.245385000000001	29.0176	14.968555	1.43672	18.638370000000002	76.4395	68.87985	15.874362	1.952135	120.21889999999999	3.85172	2.36582	455.47400000000005	222.119	31.60915	67.9075	2.80691	211.88170000000002	10.07879	5.5324	0.0	0.578755	90.86215	163.120725	32.1881	0.0	0.0	195.795	42.8926
MF0094	0.0	0.0	0.0	0.0	0.0	0.0	0.0	0.0	0.0	0.0	0.0	0.0	0.0	0.0	2.19403	0.0	10.1222	0.0	0.0	0.0	58.6349	0.0	0.0	0.0	19.9602	0.0	0.0	0.0	0.0	0.0	0.0	201.392	2.94441	0.0	2.04262	0.0	0.0	0.0	91.9514	0.0	39.957	0.0	0.0	0.0	0.0	0.0	0.0	0.0	0.0	0.0	0.0	0.0	0.0	0.0	9.10824	0.0	0.0	0.0	0.0	0.0	0.0	0.0	0.0	0.0	0.0	0.0	0.0	0.0	0.0	0.0	0.0	0.0	0.0	0.0	0.0	0.0	0.0	0.0	0.0	0.0	0.0	0.0	0.0	0.0	0.0	0.0	0.0	0.0	0.0	0.0	0.0	0.0	0.0
MF0051	203.5795	0.0	112.29670000000002	50.419	40.72045	59.318749999999994	0.0	114.6165	0.0	130.39465	8.614815	40.952	0.0	10.6221175	34.63625	81.2559	0.0	46.90605	129.51280500000001	75.61865	0.0	7.958835	335.967	254.31850000000003	93.337	47.915465000000005	0.0	0.0	28.3983	43.620895	170.30595	52.5345	32.18745	159.0695275	33.0408	0.0	118.75195000000001	86.590675	13.759599999999999	23.269350000000003	117.49	196.054	0.0	36.37465	64.0085	0.0	0.0	118.40525	362.69205	121.4793	92.48175	11.24955	14.051210000000001	3.546125	37.9465	13.245292499999998	0.0	0.0	0.0	33.5309	0.0	16.17857	185.92849999999999	9.64055	4.3552349999999995	47.45375	22.3663	34.30077	10.360685	114.36869999999999	11.051815000000001	7.63455	2.5003450000000003	153.037275	3.6170850000000003	10.590217500000001	383.1055	297.9785	40.82025	106.52425	46.64365	314.355	12.44693	2.0569325	0.0	0.0	14.930250000000001	57.0266875	36.652765	121.6765	0.0	43.629900000000006	33.796549999999996
MF0095	0.0	0.0	0.0	0.0	0.0	0.0	0.0	0.0	0.0	0.0	0.0	0.0	0.0	0.0	0.0	0.0	0.0	0.0	0.0	0.0	0.0	0.0	0.0	0.0	0.0	0.0	0.0	0.0	0.0	0.0	0.0	0.0	7.66243	0.0	0.0	0.0	0.0	0.0	0.0	0.0	0.0	0.0	0.0	0.0	0.0	0.0	0.0	0.0	0.0	0.0	0.0	0.0	0.0	0.0	0.0	0.0	0.0	0.0	0.0	17.2547	0.0	0.0	0.0	0.0	0.0	0.0	0.0	0.0	0.0	0.0	0.0	0.0	0.0	0.0	0.0	0.0	0.0	0.0	0.0	0.0	0.0	0.0	0.0	0.0	0.0	0.0	0.0	0.0	0.0	0.0	0.0	0.0	0.0
MF0092	141.75	58.4717	1.81747	711.34	849.862	138.84	211.146	0.0	897.709	187.515	73.3692	946.585	6.38236	147.239	670.009	396.936	512.007	63.8812	990.559	510.005	595.252	356.78	455.62	164.388	490.492	965.24	0.0	25.0635	150.073	984.487	865.754	461.636	24.0162	496.119	163.006	1138.02	5.66322	673.656	810.22	4.96305	628.188	97.6108	251.72	195.917	519.642	9.15809	701.715	10.2804	471.278	902.793	73.2105	1099.04	227.347	620.333	262.804	226.422	586.472	4.86484	138.292	125.433	0.0	658.726	124.031	764.923	241.378	386.616	65.7007	342.765	853.918	133.211	283.255	978.457	36.148	814.178	1.0171	862.068	297.782	302.736	649.448	64.3335	1088.16	460.531	51.7315	468.223	0.0	42.7516	1153.66	564.235	145.569	1049.59	0.0	870.984	21.6268
MF0093	0.0	0.0	0.0	0.0	0.0	0.0	0.0	0.0	0.0	0.0	0.0	0.0	0.0	3.185125	0.0	0.0	0.0	0.0	0.0	0.0	0.0	0.0	0.0	0.0	0.0	0.0	0.0	0.0	13.277005	0.0	0.0	16.974395	0.0	0.0	20.932439999999996	0.0	0.0	0.0	0.0	0.0	0.0	0.0	0.0	0.0	89.69045	0.0	0.0	1.989615	0.0	0.0	0.0	0.0	0.0	0.0	5.21241	0.0	0.0	0.0	0.0	0.0	0.0	0.0	0.0	0.0	0.0	0.0	0.0	0.0	0.0	0.0	0.0	0.0	0.0	0.0	0.0	0.0	0.0	0.0	0.0	0.0	0.0	0.0	0.0	0.0	0.0	0.0	4.51166	0.0	0.0	0.0	0.0	6.486815	0.0
MF0090	46.633	0.0	0.0	80.8245	93.4092	21.692	8.84203	0.0	0.0	164.971	0.0	0.0	1.60064	10.12	0.0	218.223	226.167	0.0	156.14	0.0	41.6478	8.50276	386.542	253.41	18.3704	0.0	0.0	0.0	819.727	125.86	0.0	142.135	9.76419	193.874	48.5828	114.64	0.0	132.889	35.8509	0.0	32.193	0.0	130.694	129.453	482.423	0.0	59.8653	467.042	482.925	0.0	0.0	0.0	41.2769	11.5841	46.3766	7.32654	0.0	0.695407	0.0	17.7864	0.0	299.862	7.56177	14.3902	6.14976	0.0	40.1759	0.0	30.3932	133.186	0.0	30.9153	0.0	183.877	3.19059	0.0	290.106	182.198	0.0	0.0	5.61382	373.886	14.9907	11.0648	0.0	1.929	153.851	318.892	0.0	0.0	0.0	342.376	3.15997
MF0091	0.0	0.0	519.86	0.0	81.32525	0.0	0.0	528.534	0.0	292.923	0.0	78.5987	0.0	113.00460000000001	40.80475	0.0	113.81072	0.0	174.3995	0.0	22.155519999999996	0.0	416.43949999999995	0.0	155.398	5.09577	0.0	0.0	0.0	0.0	45.40895	0.0	0.0	108.96915	42.42720500000001	0.0	555.816	180.84300000000002	18.497475	0.0	105.89725	0.0	0.0	0.0	0.0	0.0	0.0	0.0	513.586	111.50135	0.0	0.0	30.116549999999997	54.8915	0.0	0.0	0.0	0.0	0.0	0.0	0.0	245.68185000000003	0.0	14.386800000000001	0.0	176.119	0.0	0.0	0.0	0.0	0.0	15.909734499999999	0.0	327.813	0.0	0.0	0.0	0.0	170.631	508.5535	3.62256	388.1135	0.0	0.0	0.0	0.0	82.35300000000001	176.21895	0.0	0.0	0.0	268.87579999999997	0.0
MF0016	0.0	0.0	0.0	0.0	0.0	0.0	0.0	0.0	0.0	0.0	0.0	0.0	0.0	0.0	0.0	0.0	0.0	0.0	0.0	0.0	0.0	0.0	0.0	0.0	0.0	0.0	0.0	0.0	17.5105	0.0	0.0	0.0	0.0	0.0	13.6776	0.0	0.0	0.0	0.0	0.0	0.0	0.0	0.0	0.0	91.8066	0.0	0.0	0.0	0.0	0.0	0.0	0.0	0.0	0.0	3.48007	0.0	0.0	0.0	0.0	0.0	0.0	0.0	0.0	0.0	0.0	0.0	0.0	0.0	0.0	0.0	0.0	0.0	0.0	0.0	0.0	0.0	0.0	0.0	0.0	0.0	0.0	0.0	0.0	0.0	0.0	0.0	0.0	0.0	0.0	0.0	0.0	0.0	0.0
MF0017	204.321	0.0	0.0	163.882	206.114	28.7595	192.716	0.0	0.0	211.624	0.0	382.428	0.0	48.1213	34.4263	270.56	296.543	51.5739	104.841	0.0	99.7842	101.212	0.0	0.0	83.2374	0.0	0.0	0.0	597.522	0.0	392.676	118.518	10.2665	60.0571	66.6555	0.0	145.663	100.388	31.7123	16.2569	137.66	0.0	235.605	36.3809	118.155	0.0	0.0	0.0	17.5641	0.0	0.0	0.0	97.6673	0.0	67.23	228.089	0.0	0.0	6.87401	22.8866	0.0	98.1667	146.466	310.028	0.0	39.3673	0.0	0.0	565.844	37.6519	22.6787	54.7442	0.0	83.7953	0.0	817.742	0.0	18.4788	0.0	136.315	43.6402	0.0	7.2013	321.531	0.0	24.4059	455.195	447.595	0.0	0.0	0.0	35.5461	33.7864
MF0014	203.113	0.0	0.0	27.70095	51.074349999999995	7.587025000000001	0.0	0.0	0.0	140.1875	0.0	0.0	0.0	11.44782	0.0	196.756	119.7466	53.853449999999995	0.0	0.0	14.927130000000002	22.46531	0.0	213.4355	0.0	0.0	0.0	0.0	220.68375	0.0	0.0	85.7161	12.33621	3.0114065	42.663000000000004	0.0	0.0	0.0	23.86235	23.3607	0.0	192.941	44.6961	27.71775	73.60669999999999	0.0	0.0	177.5626195	0.0	0.0	92.29495	0.0	82.62195000000001	18.26094	29.96605	0.0	0.0	0.0	0.0	0.0	0.0	0.0	141.3935	20.0094	6.0647649999999995	0.0	3.5844650000000002	0.0	0.0	34.6036	12.09295	3.685655	0.0	0.0	0.0	0.0	299.38300000000004	237.8105	0.0	0.0	1.5112155	0.0	13.32894	11.719295	0.0	0.0	220.11599999999999	206.88815000000002	0.0	0.0	0.0	59.639660000000006	31.60995
MF0058	0.0	0.0	0.0	0.0	0.0	0.0	0.0	0.0	0.0	0.0	0.0	0.0	0.0	0.560014	0.0	0.0	0.0	0.0	0.0	0.0	0.0	3.3566	0.0	49.6497	0.0	0.0	0.0	0.0	18.0498	0.0	0.0	3.00693	8.87552	11.9512	0.0	0.0	0.0	0.0	0.0	4.46407	0.0	0.0	0.0	0.0	50.186	0.0	0.0	0.0	0.0	0.0	7.63284	0.0	0.0	1.3869	10.8223	0.0	0.0	0.0	0.0	0.0	0.0	0.0	0.0	0.0	1.83667	0.0	1.11571	0.0	4.14163	0.0	4.7533	0.0	0.0	0.0	0.0	0.0	52.1467	0.0	0.0	0.0	0.0	0.0	0.0	0.0	0.0	0.0	1.80546	0.0	6.34819	0.0	0.0	1.82604	4.85382
MF0015	187.494	2.49174	0.0	147.103	147.6	23.0088	0.0	0.0	0.0	31.9474	4.83725	34.6527	0.0	47.6278	165.85	348.028	194.147	66.8611	464.175	154.3	251.101	8.21101	201.338	0.0	12.5174	441.75	0.0	0.0	4.69036	313.01	1.93844	111.421	1.67052	183.922	67.4004	474.972	0.0	389.82	261.454	20.8345	38.1476	276.975	72.2553	92.7666	4.17877	0.0	342.633	1.44024	60.215	281.32	111.806	350.54	20.7178	15.7134	21.291	22.0606	226.389	0.674559	0.0	39.0577	0.0	0.0	190.186	34.0368	4.48825	192.405	45.1979	128.671	17.2852	113.172	26.8124	434.621	4.2643	392.719	3.70287	14.0645	2.71036	151.967	77.8691	0.0	216.713	160.206	6.08742	16.5335	0.0	0.0	184.268	181.378	0.0	338.139	0.0	0.0	37.1023
MF0059	0.0	0.0	0.0	0.0	0.0	0.0	0.0	0.0	0.0	0.0	0.0	0.0	0.0	0.0	0.0	0.0	0.0	0.0	0.0	0.0	0.0	0.0	0.0	0.0	0.0	0.0	0.0	0.0	0.0	0.0	0.0	0.0	4.74034	0.0	0.0	0.0	0.0	0.0	0.0	0.0	0.0	0.0	0.0	0.0	0.0	0.0	0.0	0.0	0.0	0.0	0.0	0.0	0.0	0.0	0.0	0.0	0.0	0.0	0.0	0.0	0.0	0.0	0.0	0.0	0.0	0.0	0.0	0.0	0.0	0.0	0.0	0.0	0.0	0.0	0.0	0.0	0.0	0.0	0.0	0.0	0.0	0.0	0.0	0.0	0.0	0.0	0.0	0.0	0.0	0.0	0.0	0.0	0.0
MF0012	179.959	0.0	396.397	8.53393	19.9715	15.8121	1.36652	380.736	0.0	137.834	11.9965	58.9284	0.0	23.82	0.0	260.613	59.5924	100.345	6.70471	186.53	5.2353	100.035	3.07962	41.4565	7.74291	19.5281	0.0	13.0528	7.37132	470.68	70.7053	21.5822	10.3276	202.762	44.114	372.609	375.279	43.4583	0.0	25.9619	3.54292	182.707	0.669549	133.807	36.6154	3.78799	82.6128	8.54802	13.9974	324.853	112.533	0.0	52.1096	0.908141	12.6951	12.672	0.0	0.789469	0.583483	15.2095	0.0	39.6315	143.371	33.8934	62.8228	118.77	38.5576	9.63164	173.943	45.4038	446.255	2.88848	5.61724	96.6494	4.01505	2.52842	2.66263	44.3739	123.96	337.804	11.7366	2.41364	6.54585	0.0	0.0	2.67947	199.49	209.437	91.1646	306.847	0.0	25.2337	27.6276
MF0056	0.0	0.0	0.0	0.0	0.0	52.67405	0.0	0.0	0.0	0.0	6.5026	0.0	0.0	0.0	0.0	231.805	0.0	68.29560000000001	0.0	0.0	0.0	3.2883449999999996	0.0	60.32683	3.997605	0.0	0.0	0.0	17.978650000000002	7.192819999999999	0.0	10.460655	18.599600000000002	165.433	32.314	0.0	0.0	0.0	0.0	3.777575	0.0	0.0	0.0	178.724	75.51089999999999	0.0	0.0	0.0	0.0	0.0	17.8003	0.0	0.0	0.0	31.211100000000002	0.0	0.0	0.0	0.0	45.2605	0.0	0.0	63.400150000000004	0.0	0.0	0.0	38.90585	0.0	13.6417	0.0	436.0025	0.0	2.568065	0.0	2.805035	0.0	0.0	37.70335	2.3426549999999997	0.0	0.0	0.0	0.0	0.0	0.0	0.0	11.956199999999999	0.0	49.3579	0.0	0.0	4.0922149999999995	0.0
MF0013	0.0	0.0	0.0	0.0	0.0	0.0	0.0	0.0	0.0	0.0	0.0	0.0	0.0	0.0	0.0	0.0	0.0	0.0	0.0	0.0	0.0	0.0	0.0	106.59692500000001	0.0	0.0	0.0	0.0	16.453875	0.0	0.0	0.0	0.0	0.0	43.2827175	0.0	0.0	0.0	0.0	0.0	0.0	0.0	0.0	0.0	0.0	0.0	0.0	0.0	0.0	0.0	0.0	0.0	0.0	0.0	41.800745	0.0	0.0	0.0	0.0	0.0	0.0	0.0	0.0	0.0	0.0	0.0	0.0	0.0	0.0	0.0	0.0	0.0	0.0	0.0	0.0	0.0	0.0	0.0	0.0	0.0	0.0	0.0	0.0	0.0	0.0	0.0	0.0	0.0	0.0	0.0	0.0	0.0	0.0
MF0010	290.9325	0.0	0.0	153.58956	0.0	45.02955	42.4146	0.0	0.0	72.7675	0.0	0.0	0.0	0.0	86.66882999999999	248.0595	39.597364999999996	76.989	457.784	208.23000000000002	25.168950000000002	54.063355	587.3195000000001	113.4752	249.75250000000003	72.86386	0.0	0.0	13.749480000000002	585.329	182.437265	87.83125	12.946465000000002	185.11610000000002	25.467624999999998	465.106	0.0	338.0095	40.1555	29.88495	324.413	288.03499999999997	10.110230000000001	92.72565	272.6296205	0.0	0.0	0.0	513.1995000000001	434.6475	154.6255	22.52639	65.43594999999999	26.460729999999998	62.994550000000004	80.759925	0.0	0.0	0.0	38.82935	0.0	152.23475000000002	209.55700000000002	149.40585	0.0	0.0	27.01755	48.814245	193.48329999999999	86.6561	77.21095	27.288165	0.0	386.4105	1.90129	0.0	11.011365000000001	18.339405	1.54494	0.0	0.0	510.0865	17.1025	0.0	0.0	0.0	0.0	97.295615	41.3529	565.9159999999999	0.0	158.8188	44.94445
MF0054	272.41044999999997	0.0	129.0827	0.0	71.243875	57.5064	0.0	132.297225	0.0	111.117025	9.3247425	104.14337499999999	0.0	33.854445	0.0	276.58349999999996	0.0	103.187075	78.96736	0.0	0.0	0.0	0.0	0.0	0.0	10.178497499999999	0.0	0.0	0.0	0.0	11.3469375	51.1733925	16.042875000000002	215.82825	17.647445	0.0	137.3915	64.1142	0.0	30.702150000000003	0.0	276.07635000000005	0.0	130.84405	0.0	0.0	0.0	3.2720424999999995	224.993885	11.5694825	110.28909999999999	0.0	48.995149999999995	108.62999350000001	20.521495	6.05539	0.0	0.0	0.0	65.64575	0.0	27.724465	249.75799999999998	0.0	0.0	40.37	89.99622500000001	0.0	0.0	128.6234	159.650285	0.0	3.8985674999999995	116.816825	2.7483925000000005	0.0	0.0	233.88575	44.700675000000004	112.37462500000001	0.0	0.0	16.850340000000003	8.6321225	0.0	0.0	131.67481500000002	123.58639500000001	61.7994125	0.0	0.0	25.989125	38.57196999999999
MF0098	0.0	0.0	0.0	0.0	0.0	0.0	0.0	0.0	0.0	0.0	0.0	0.0	0.0	0.0	0.0	0.0	0.0	1.75199	0.0	0.0	31.0104	1.8685	0.0	0.0	8.02229	0.0	0.0	0.0	0.0	0.0	0.0	103.78	0.0	0.0	0.0	0.0	0.0	0.0	48.983	0.0	16.5575	0.0	0.0	0.0	0.0	0.0	0.0	7.43783	0.0	0.0	0.0	0.0	0.0	0.0	0.0	0.0	0.0	0.0	0.0	0.0	0.0	0.0	0.0	0.0	0.0	0.0	1.2826166666666667	0.0	0.0	0.0	0.0	1.39236	0.0	0.0	0.0	0.0	0.0	0.0	0.0	0.0	0.0	0.0	0.0	0.0	0.0	0.0	0.0	0.0	0.0	0.0	0.0	0.0	0.0
MF0055	53.4391	52.6655	0.0	318.505	127.536	26.3168	777.944	0.0	982.42	152.314	0.0	282.035	0.0	14.8459	85.1425	255.893	75.7379	60.4478	15.0835	0.0	0.0	192.779	0.0	61.471	0.0	0.0	0.0	0.0	163.453	0.0	0.0	60.7672	6.1523	15.4285	65.0104	0.0	0.0	0.0	0.0	0.0	168.602	0.0	94.8499	118.883	65.0256	0.0	0.0	0.0	19.1155	0.0	12.0379	0.0	313.398	407.144	128.215	321.913	0.0	0.0	48.4293	0.0	0.0	170.16	8.77456	117.753	168.94	0.0	49.7469	0.0	582.579	182.406	445.907	0.0	31.0034	0.0	0.0	1049.33	0.0	231.608	0.0	0.0	0.0	0.0	0.0	0.0	0.0	30.7993	307.211	315.259	0.0	0.0	0.0	1.51683	0.0
MF0011	0.0	0.0	0.0	0.0	0.0	0.0	0.0	0.0	0.0	0.0	0.0	22.993850000000002	0.0	19.60847	0.0	0.0	0.0	0.0	0.0	0.0	0.0	2.480255	0.0	0.0	0.0	0.0	0.0	0.0	0.0	0.0	196.19180000000003	0.0	0.0	0.0	0.0	0.0	0.0	70.90595	0.0	0.0	0.0	0.0	0.0	0.0	0.0	0.0	0.0	0.0	43.711605	130.24482	0.0	0.0	23.73375	0.0	56.894850000000005	0.0	0.0	0.0	0.0	0.0	0.0	53.360049999999994	0.0	0.0	0.0	0.0	0.0	44.255145	110.4452	0.0	0.0	0.0	0.0	111.2164	0.0	0.0	0.0	0.0	22.15325	0.0	0.0	0.0	0.0	0.0	0.0	0.0	0.0	0.0	0.0	0.0	0.0	33.726600000000005	0.0
MF0009	187.647	0.0	0.0	40.5527	106.322	7.0419	4.0684	0.0	0.0	61.4904	0.0	0.0	0.0	11.0818	13.0203	102.418	216.822	47.1348	0.0	0.0	33.5306	0.0	0.0	37.4145	9.39124	39.298	0.0	0.0	8.78358	0.0	60.2818	110.231	8.52288	9.25031	8.6562	0.0	0.0	0.0	42.2712	21.5905	18.9587	225.743	100.009	34.3435	65.1134	0.0	57.5588	68.5273	0.0	3.38285	110.922	14.3086	10.3662	1.0665	34.9313	0.0	273.727	0.0	1.22237	14.1649	0.0	188.787	143.096	63.9916	0.391722	0.0	3.25065	5.64988	31.0888	39.7404	19.6506	24.6061	0.0	0.0	0.0	0.0	3.31985	17.5223	0.496658	0.0	56.7841	0.0	7.32527	168.371	0.0	0.0	218.813	127.719	0.0	0.0	0.0	255.868	32.9995
MF0007	0.0	0.0	0.0	0.0	0.0	8.9743	0.0	0.0	0.0	0.0	0.0	0.0	0.0	0.0	0.0	0.0	6.67077	0.0	0.0	0.0	26.7385	0.0	0.0	0.0	6.90723	0.0	0.0	0.0	0.0	0.0	0.0	90.56693333333334	0.0	0.0	0.0	0.0	0.0	0.0	31.044333333333338	0.0	15.7147	0.0	0.0	0.0	0.0	0.0	0.0	0.0	0.0	0.0	0.0	0.0	0.0	0.0	3.43209	0.0	0.0	0.0	0.0	0.0	0.0	0.0	0.0	0.0	0.0	0.0	18.7781	0.0	0.0	0.0	0.0	0.0	0.0	0.0	0.0	0.0	0.0	0.0	0.0	0.0	0.0	0.0	0.0	0.0	0.0	0.0	0.0	0.0	0.0	0.0	0.0	0.0	0.0
MF0008	187.168	0.0	0.0	296.3745	318.42050000000006	22.081	41.522549999999995	0.0	0.0	140.766	0.0	99.075375	0.0	7.04545	96.2492	128.7455	480.7755	54.4578	57.29535	0.0	82.4007	53.527535	0.0	0.0	232.33640000000003	107.68705	0.0	0.0	444.9686	0.0	384.4545	55.78035	1.525461	4.444115	44.68295	0.0	2.462735	5.39126	23.214750000000002	21.34675	274.5315	225.909	274.4085	30.850949999999997	0.0	0.0	0.0	0.0	9.724910000000001	0.0	89.25205	74.42735	72.43345	193.451925	124.19295	1.985625	0.0	0.0	3.62782	16.05305	0.0	206.61995000000002	126.682	327.317	33.57875	0.0	0.0	59.58682999999999	0.0	36.28785	16.427149999999997	119.91954999999999	0.0	0.0	0.0	7.15025	0.0	14.05036	0.0	43.45455	132.2884	0.0	6.179545	32.42015	0.0	0.0	607.0225	612.7055	0.0	0.0	0.0	161.823445	33.87245
