Module	FS06_2016_S5_interleaved_Abundance-RPKs	FS25_2017_S56_interleaved_Abundance-RPKs	FS09_2016_S8_interleaved_Abundance-RPKs	FS34_2017_S27_interleaved_Abundance-RPKs	FS44_2017_S37_interleaved_Abundance-RPKs	FS54_2017_S47_interleaved_Abundance-RPKs	FS12_2016_S11_interleaved_Abundance-RPKs	FS62_2017_S55_interleaved_Abundance-RPKs	FS23_2017_S17_interleaved_Abundance-RPKs	FS39_2017_S32_interleaved_Abundance-RPKs	FS45_2017_S38_interleaved_Abundance-RPKs	FS07_2016_S6_interleaved_Abundance-RPKs	FS30_2017_S23_interleaved_Abundance-RPKs	FS13_2016_S12_interleaved_Abundance-RPKs	FS52_2017_S44_interleaved_Abundance-RPKs	FS50_2017_S43_interleaved_Abundance-RPKs	FS10_2016_S9_interleaved_Abundance-RPKs	FS17_2017_S14_interleaved_Abundance-RPKs	FS19_2017_S15_interleaved_Abundance-RPKs	FS33_2017_S26_interleaved_Abundance-RPKs	FS27_2017_S20_interleaved_Abundance-RPKs	FS53_2017_S46_interleaved_Abundance-RPKs	FS59_2017_S52_interleaved_Abundance-RPKs	FS51_2017_S45_interleaved_Abundance-RPKs	FS36_2017_S29_interleaved_Abundance-RPKs	FS46_2017_S39_interleaved_Abundance-RPKs	FS31_2017_S24_interleaved_Abundance-RPKs	FS41_2017_S34_interleaved_Abundance-RPKs	FS0A_2017_S57_interleaved_Abundance-RPKs	FS56_2017_S49_interleaved_Abundance-RPKs	FS22_2017_S16_interleaved_Abundance-RPKs	FS61_2017_S54_interleaved_Abundance-RPKs	FS47_2017_S40_interleaved_Abundance-RPKs	FS57_2017_S50_interleaved_Abundance-RPKs	FS05_2016_S4_interleaved_Abundance-RPKs	FS48_2017_S41_interleaved_Abundance-RPKs	FS58_2017_S51_interleaved_Abundance-RPKs	FS28_2017_S21_interleaved_Abundance-RPKs	FS01_2016_S1_interleaved_Abundance-RPKs	FS08_2016_S7_interleaved_Abundance-RPKs	FS32_2017_S25_interleaved_Abundance-RPKs	FS38_2017_S31_interleaved_Abundance-RPKs	FS42_2017_S35_interleaved_Abundance-RPKs	FS29_2017_S22_interleaved_Abundance-RPKs	FS35_2017_S28_interleaved_Abundance-RPKs	FS55_2017_S48_interleaved_Abundance-RPKs	FS02_2016_S2_interleaved_Abundance-RPKs	FS16_2017_S13_interleaved_Abundance-RPKs	FS40_2017_S33_interleaved_Abundance-RPKs	FS60_2017_S53_interleaved_Abundance-RPKs	FS37_2017_S30_interleaved_Abundance-RPKs	FS43_2017_S36_interleaved_Abundance-RPKs	FS0B_2017_S58_interleaved_Abundance-RPKs	FS24_2017_S18_interleaved_Abundance-RPKs	FS26_2017_S19_interleaved_Abundance-RPKs	FS49_2017_S42_interleaved_Abundance-RPKs	FS11_2016_S10_interleaved_Abundance-RPKs
MF0063	0.0	0.0	44.825	0.0	0.0	17.4873	0.0	0.0	0.0	0.0	0.0	0.0	35.6736	125.137	37.4526	13.8407	292.149	36.617	130.083	100.136	0.0	16.0542	30.7601	252.354	0.0	0.0	98.0936	0.0	183.117	16.2091	0.0	18.4105	0.0	55.29	0.0	0.0	60.3568	42.5326	16.3892	0.0	79.6859	0.0	0.0	0.0	0.0	0.0	0.0	44.5437	4.57807	0.0	0.0	0.0	63.4031	15.6529	0.0	0.0	39.8252
MF0020	0.0	293.429	62.1806	646.0815	62.340500000000006	45.412349999999996	0.0	21.21305	525.8580000000001	108.52144999999999	51.63210000000001	77.83335	223.01300000000003	58.35415	194.10085	154.61915000000002	291.24784999999997	121.6825	141.3721	172.81799999999998	382.64225	220.1198	116.1997	276.557	317.68399999999997	0.0	19.47815	214.97060000000002	185.7075	39.42885	190.59724999999997	49.631	101.60922000000001	168.64405	359.0025	73.76339999999999	345.304	308.47450000000003	51.80665	0.0	17.3339	163.726	298.7765	124.76225	20.598599999999998	35.75385	173.277	75.37695	156.5565	0.0	84.59915	266.244	75.4951	289.6065	5.982715000000001	53.169045000000004	190.117
MF0064	0.0	0.0	1.65858	0.0	1.5645850000000001	0.0	0.0	0.0	0.0	0.0	7.36164	0.0	0.0	0.0	0.0	0.0	0.0	0.0	6.82259	0.0	0.0	0.0	0.0	0.0	0.0	0.0	0.0	0.0	0.0	0.0	0.0	0.0	0.0	0.0	0.0	0.0	0.0	0.0	2.46019	0.0	0.0	0.0	0.0	0.0	0.0	0.0	0.0	0.0	0.0	0.0	0.0	0.0	3.6224300000000005	0.0	0.0	0.0	0.0
MF0061	0.0	434.826	81.5782	0.0	22.6219	14.8146	0.0	7.04643	222.234	244.904	30.314	115.939	188.771	98.60078666666668	263.575	205.49	39.10753333333333	68.1744	186.029	154.487	379.699	212.843	107.755	162.34686666666667	421.429	0.0	82.1573	118.99433333333333	94.60713333333335	58.258	0.0	22.3762	0.0	188.891	332.201	108.175	119.361	140.471	20.6252	0.0	48.2033	407.219	0.0	105.515	0.0	0.0	0.0	193.808	18.5168	0.0	29.854	0.0	283.048	64.0258	0.0	0.0	215.138
MF0062	0.0	0.0	0.0	0.0	0.0	0.0	0.0	0.0	0.0	0.0	0.0	0.0	0.0	12.803458333333335	0.0	102.300515	0.0	0.0	0.0	0.0	0.0	0.0	0.0	2.690033333333333	0.0	0.0	0.0	0.0	3.729001666666667	0.0	0.0	0.0	0.0	39.03786266666667	0.0	0.0	0.0	0.0	0.0	0.0	0.0	0.0	0.0	0.0	0.0	0.0	0.0	0.0	0.0	0.0	0.0	0.0	0.0	0.0	0.0	0.0	0.0
MF0060	0.0	24.172	22.922	0.0	0.0	12.4073	56.8279	0.0	0.0	0.0	0.0	0.0	34.9026	0.0	27.8064	5.9624	7.46537	38.0409	73.6831	69.8256	0.0	9.15531	30.477	60.8083	0.0	0.0	84.3697	0.0	0.0	0.0	15.3673	0.0	0.0	29.1659	0.0	0.0	203.867	51.8339	0.0	0.0	0.0	0.0	0.0	51.6222	0.0	0.0	0.0	0.0	0.0	0.0	0.0	0.0	7.48657	49.0203	0.0	0.0	35.7842
MF0028	0.0	0.0	79.2174	50.9381	76.6496	11.8539	0.0	4.14768	110.943	10.5877	70.0107	0.0	7.34735	266.565	28.3424	11.689	289.542	38.2736	20.8276	8.51668	0.0	8.80846	4.49727	220.33	10.426	0.0	72.5643	414.503	88.2575	213.144	21.0195	382.505	0.0	44.3315	9.96303	0.0	1.99372	41.3972	115.364	3.49719	37.8967	2.39279	0.0	7.25578	5.18287	68.4832	0.0	0.0	44.5691	0.0	11.6341	0.0	99.0887	15.3547	2.83565	1.97155	70.6792
MF0025	0.0	0.0	13.0005	0.0	0.0	0.0	0.0	0.0	0.0	0.0	0.0	0.0	0.0	0.0	1.03157	3.04272	0.0	0.0	0.0	0.0	0.0	5.51598	0.0	43.0584	0.0	0.0	0.0	0.0	89.3894	0.0	0.0	0.0	0.0	2.6895	0.0	0.0	0.0	0.0	1.69027	0.0	0.0	0.0	0.0	0.0	0.0	0.0	0.0	0.0	0.0	0.0	0.0	0.0	16.9948	0.0	0.0	0.0	0.0
MF0069	0.0	0.0	0.0	0.0	27.0922	0.0	0.0	0.0	0.0	0.0	23.7671	0.0	1.86306	0.0	0.0	0.0	12.9203	0.0	0.0	1.16713	0.0	0.0	0.0	16.7899	0.0	0.0	0.0	0.0	57.6427	0.0	0.0	6.9105	0.0	0.0	0.0	0.0	12.4444	2.62187	0.0	0.0	0.0	0.0	0.0	0.0	0.0	30.2071	0.0	2.8826	0.0	0.0	0.0	0.0	22.8414	0.0	0.0	0.0	0.0
MF0026	0.0	0.0	72.26180500000001	118.21100000000001	45.37284	11.55247	0.0	0.0	163.89365	54.19685	50.50205	62.82055	91.6276	242.458645	180.756	116.4477	145.62054	39.31137	60.346000000000004	0.0	0.0	158.5555	0.0	111.89906500000001	0.0	27.30905	0.0	0.0	0.0	137.56686000000002	131.49849999999998	203.2312	118.50865	143.375	285.5865	62.6447	169.4606	89.3518	62.66117500000001	477.0115	0.0	0.0	0.0	43.01365	0.0	37.544865	61.965199999999996	38.550954999999995	23.608390000000004	0.0	0.0	0.0	336.12672	0.0	0.0	57.9143	61.03635
MF0067	0.0	7.86017	81.5782	0.0	24.58	789.887	0.0	8.29877	212.501	233.54	53.7308	218.841	342.462	147.569	244.674	159.442	113.347	89.3676	128.915	141.211	531.254	212.843	146.09	219.396	0.0	41.2222	113.303	0.0	251.68	18.7291	0.0	23.3149	120.033	212.184	199.664	76.121	309.358	376.661	54.1178	522.356	127.376	196.413	239.797	206.796	0.0	10.3171	311.441	404.041	18.5168	835.136	0.0	235.241	88.923	203.292	0.0	93.2988	215.138
MF0023	0.0	0.0	0.0	0.0	0.0	0.0	0.0	0.0	0.0	0.0	0.0	0.0	0.0	0.0	0.0	0.0	0.0	0.0	14.7977	11.3177	0.0	0.0	0.0	0.0	0.0	0.0	0.0	0.0	0.0	0.0	0.0	0.0	0.0	0.0	0.0	0.0	42.5517	0.0	2.08263	0.0	0.0	0.0	0.0	0.0	0.0	0.0	0.0	0.0	0.0	0.0	0.0	0.0	0.0	0.0	0.0	0.0	35.5116
MF0068	0.0	777.567	163.511	201.786	46.4688	764.38	462.51	10.5815	360.101	288.885	46.786	415.124	390.7	283.62	407.254	346.476	351.762	120.899	213.787	147.403	667.429	241.999	254.699	368.132	713.022	68.9944	218.826	218.775	563.439	120.644	177.261	47.0455	209.475	245.966	479.873	106.671	368.773	490.749	183.08	387.884	184.403	717.309	717.075	270.061	681.842	39.6812	530.621	264.753	44.5822	897.209	834.83	610.1	854.43	337.26	102.806	101.05	137.073
MF0101	0.0	0.0	22.3789	0.0	0.0	7.51504	0.0	0.0	0.0	0.0	0.0	0.0	0.0	0.0	0.0	0.0	8.1881	0.0	2.23082	0.0	0.0	0.0	0.0	116.892	0.0	0.0	0.0	0.0	138.134	0.0	0.0	0.0	0.0	16.0314	0.0	0.0	0.0	0.0	0.0	0.0	0.0	0.0	0.0	0.0	0.0	0.0	0.0	0.0	0.0	0.0	0.0	0.0	38.431	0.0	0.0	0.0	0.0
MF0024	0.0	0.0	0.0	0.0	0.0	0.0	0.0	0.0	0.0	0.0	0.0	0.0	0.0	0.0	0.0	0.0	0.0	0.0	13.24	60.2947	0.0	0.0	0.0	27.5996	0.0	0.0	0.0	0.0	0.0	0.0	0.0	0.0	0.0	0.0	0.0	0.0	0.0	0.0	0.0	0.0	6.42551	0.0	0.0	0.0	0.0	0.0	0.0	0.0	0.0	0.0	0.0	0.0	0.0	0.0	0.0	0.0	0.0
MF0021	0.0	521.529	67.67825	104.22245	20.977395	19.439500000000002	0.0	7.6149249999999995	189.1455	27.6633	0.0	117.3202	82.07185	16.855305	130.6999	90.52734999999998	0.0	51.248599999999996	61.9786	51.83285	116.59525000000001	61.938	73.5188	202.6775	186.35795	0.0	6.905355	14.68026	41.71084999999999	17.770325	70.0381	12.518329999999999	15.593055000000001	54.6088	85.39995	5.343885	225.13299999999998	159.4565	0.0	4.7826450000000005	13.307935	157.252655	360.1635	75.58885000000001	7.496169999999999	111.07585	112.5652	287.1955	15.903915	2.301285	28.379849999999998	278.641	37.592115	136.07815	0.0	2.90584	59.73774999999999
MF0065	0.0	0.0	45.2468	0.0	0.0	0.0	0.0	0.0	106.35049999999998	37.6523	0.0	154.2019	135.217	0.0	51.2963	41.8253	0.0	64.0536	95.70599999999999	114.55095	0.0	29.6812	74.4288	92.46255	0.0	13.680299999999999	80.0577	36.722229999999996	0.0	60.305049999999994	115.95	0.0	19.297775	62.3261	194.476	8.15499	99.93435	141.4755	95.85405	18.7656	149.18	0.0	0.0	0.0	0.0	30.84545	0.0	408.387	0.0	0.0	0.0	288.78090000000003	0.0	259.6665	0.0	21.2352	115.92314999999999
MF0022	0.0	0.0	35.0209	0.0	0.0	9.88737	0.0	0.0	0.0	0.0	0.0	0.0	38.575	0.0	80.5884	55.6611	0.0	5.74589	95.2111	86.9977	0.0	55.8152	0.0	181.842	0.0	0.0	0.0	0.0	72.1842	0.0	0.0	0.0	0.0	33.6605	0.0	0.0	51.7272	30.1671	0.0	0.0	0.0	0.0	0.0	0.0	0.0	0.0	0.0	0.0	0.0	0.0	0.0	0.0	40.2571	18.2684	0.0	0.0	55.5191
MF0066	0.0	0.0	61.509299999999996	0.0	38.629099999999994	19.25525	0.0	0.0	0.0	0.0	48.01445	0.0	30.73155	227.9925	62.96169999999999	33.81285	297.8355	50.97125	0.0	38.1819	0.0	65.9551	0.0	232.65550000000002	0.0	0.0	48.09266	281.7835	77.86135	122.3698	0.0	14.99662	0.0	69.8043	0.0	0.0	118.97030000000001	81.70845	70.8939	0.0	61.3541	0.0	0.0	0.0	0.0	0.0	0.0	0.0	80.9616	0.0	0.0	0.0	40.6894	114.3207	0.0	13.000350000000001	0.0
MF0018	0.0	6.29173	37.4584	17.3343	20.083	799.346	0.0	2.93353	79.0621	63.0836	17.5666	162.348	152.644	131.64	127.269	93.3749	17.8261	18.8183	26.2793	56.8704	19.2773	121.805	111.844	75.3123	10.417	39.2589	71.1633	253.037	89.1468	82.4877	131.866	19.2121	84.2799	153.777	348.265	47.2427	175.935	195.728	27.2859	419.051	43.9161	1.5553	0.0	185.868	0.0	49.4089	215.097	183.715	78.3539	0.0	6.83058	0.0	35.7852	138.216	0.0	47.9086	44.0366
MF0019	0.0	0.0	44.0241	0.0	0.0	15.8221	0.0	0.0	21.5046	0.0	0.0	0.0	48.102	30.9682	40.7963	23.1826	299.303	0.0	84.1561	92.9334	0.0	18.5813	30.9938	255.024	0.0	0.0	0.0	0.0	75.7443	0.0	196.825	24.054	8.32866	54.679	300.576	0.0	54.5672	74.4769	0.0	578.113	16.2396	0.0	0.0	0.0	0.0	0.0	4.23942	0.0	0.0	0.0	0.0	0.0	48.7818	14.8859	0.0	0.0	0.0
MF0074	0.0	732.549	39.9508	0.0	0.0	34.1895	431.449	0.0	50.3839	0.0	0.0	0.0	83.6103	253.95	113.497	31.0852	668.812	9.57249	209.404	238.158	6.42922	104.257	69.1304	436.149	403.587	0.0	12.9834	2.90235	218.335	2.29713	54.2515	41.1133	9.37974	105.181	209.947	0.0	98.2483	43.8285	3.81259	88.4387	93.6789	348.412	703.195	1.66494	0.0	0.0	2.81454	142.85	0.0	0.0	4.29177	669.208	84.5237	62.0276	0.0	16.6407	88.4221
MF0031	0.0	327.04	1.23214	0.0	1.50603	0.0	161.388	0.0	29.624	0.0	14.0112	2.15447	0.0	2.93571	22.5774	6.13272	1.16874	1.42273	24.6455	48.6012	3.83063	60.7247	0.0	5.71522	497.657	0.0	8.71414	0.0	31.0154	5.21524	2.22744	0.0	0.0	3.36311	48.2258	0.0	38.8555	0.0	0.0	0.0	56.7941	117.439	339.882	0.0	0.0	0.0	0.0	4.16687	0.0	0.0	3.08317	311.186	10.22	10.0391	0.0	0.0	125.905
MF0075	0.0	0.0	24.8452	29.3117	2.81762	20.8807	5.13317	0.598048	0.0	0.0	20.7125	0.0	9.43451	26.2065	22.6756	9.90359	232.016	18.7173	147.714	87.8669	2.08683	10.7733	4.70966	203.917	0.0	0.0	184.768	10.109	79.7993	42.3012	0.0	12.4277	0.0	37.5116	0.0	0.0	101.357	24.8061	13.34	0.0	112.809	0.0	0.0	0.0	0.0	33.4219	0.0	74.2808	15.7947	0.0	0.0	30.3712	94.0178	25.1134	3.71826	2.41884	88.7464
MF0072	0.0	7.82342	30.85101	106.985	16.691933333333335	18.4047	2.46606	4.34926	133.046	30.4936	23.9712	84.0231	150.07496666666665	126.216	107.727	33.175	254.502	47.2429	48.761449999999996	33.725566666666666	202.00250666666668	24.1776	48.10413333333333	230.906	16.3728	21.94633333333333	79.01194333333333	94.2941	28.83294666666667	84.59262	52.3576	41.3467	8.17792	64.89516666666667	216.519	5.19524	158.618	132.08396666666667	50.3338	4.29441	67.7422	5.97379	0.0	104.87901666666666	0.0	121.90293333333334	55.9895	213.315	132.43075666666667	0.0	18.0202	0.0	33.193733333333334	135.36440000000002	0.0	15.7473	29.8878
MF0073	0.0	1.43192	9.10303	0.0	0.0	9.41203	0.0	0.0	0.0	0.0	0.0	0.0	8.0259	109.403	21.3228	4.31132	228.48	4.00799	0.0	43.6775	0.0	8.67337	0.0	176.111	0.0	0.0	15.3462	0.0	8.84704	0.0	0.0	7.61625	0.0	26.6866	0.0	0.0	59.6143	1.75665	0.0	0.0	100.185	0.0	0.0	0.0	0.0	0.0	0.0	144.265	0.0	0.0	0.0	0.0	13.2257	220.214	0.0	0.0	2.97035
MF0070	0.0	718.898	69.482	93.4142	44.5178	21.6356	456.516	5.20271	206.134	31.5205	56.6449	258.808	76.3044	187.45	181.355	146.039	231.98	63.0791	118.835	70.0903	276.392	90.9596	162.196	215.847	463.754	0.0	185.104	260.258	0.0	120.959	89.2586	20.0987	0.0	87.0655	443.443	11.4803	415.5	150.284	207.402	0.0	49.1363	765.647	664.987	125.919	5.45028	36.6631	179.924	453.052	18.9665	74.5637	16.8752	629.02	41.1217	391.09	10.8496	20.4167	59.4504
MF0071	0.0	0.0	59.9691	126.4388	25.55295	395.4262	0.0	0.0	233.3215	70.13035	31.17745	17.0911	154.161	166.5315	73.9153	62.925200000000004	0.0	75.92445000000001	193.814	206.26600000000002	0.0	63.37865000000001	105.1374	208.7465	0.0	10.52015	137.302	116.40965	157.06400000000002	77.8137	153.85399999999998	23.33945	50.135400000000004	102.25175	366.0605	33.655100000000004	198.096	200.381	73.5592	254.6558	199.28	0.0	0.0	0.0	0.0	227.80535	0.0	283.3385	87.95605	0.0	0.0	497.9575	74.75095	155.578	4.27457	42.735600000000005	170.674
MF0038	0.0	0.0	32.8889	0.0	0.0	0.0	0.0	0.0	0.0	94.4823	0.0	0.0	0.0	0.0	225.82	0.0	17.2405	0.0	100.707	71.2365	8.04775	0.0	128.568	0.0	0.0	0.0	109.797	134.868	76.9705	224.968	0.0	13.0216	0.0	143.444	58.6745	0.0	0.0	6.25587	0.0	0.0	77.2914	0.0	0.0	0.0	0.0	0.0	0.0	0.0	380.813	0.0	0.0	0.0	46.1968	39.6234	0.0	0.0	253.674
MF0039	0.0	0.0	0.0	0.0	0.0	0.0	0.0	0.0	0.0	0.0	0.0	0.0	0.0	0.0	0.0	0.0	0.0	1.8303	2.07746	1.20353	0.0	0.0	0.0	0.0	0.0	0.0	0.0	0.0	0.0	0.0	0.0	0.0	0.0	0.0	0.0	0.0	67.3704	1.60981	0.0	0.0	10.9729	0.0	0.0	0.0	0.0	0.0	0.0	0.0	0.0	0.0	0.0	0.0	4.66013	0.0	0.0	0.0	0.0
MF0036	0.0	0.0	38.4714	0.0	0.0	0.0	0.0	0.0	0.0	0.0	0.0	0.0	0.0	0.0	0.0	0.0	0.0	12.334415	106.173415	70.9281	0.0	11.1579	0.0	0.0	0.0	0.0	0.0	0.0	0.0	0.0	0.0	0.0	0.0	48.5102	0.0	0.0	79.6875	0.0	17.519735	0.0	0.0	0.0	0.0	0.0	0.0	0.0	0.0	44.998061666666665	10.886994999999999	0.0	0.0	0.0	0.0	0.0	0.0	3.9782199999999994	87.45473333333334
MF0037	0.0	0.0	0.0	0.0	0.0	0.0	0.0	0.0	0.0	0.0	0.0	0.0	0.0	0.0	0.0	0.0	0.0	2.02652	43.715199999999996	0.0	0.0	0.0	0.0	0.0	0.0	0.0	0.0	0.0	0.0	0.0	0.0	0.0	0.0	0.0	0.0	0.0	0.0	0.0	0.0	0.0	22.477349999999998	0.0	0.0	0.0	0.0	0.0	0.0	0.0	0.0	0.0	0.0	0.0	0.0	0.0	0.0	0.0	0.0
MF0078	0.0	0.0	23.4461	0.0	0.0	5.59579	0.0	0.0	3.70809	0.0	0.0	0.0	0.0	0.0	0.0	0.0	17.6414	31.702	2.22004	0.0	0.0	0.0	0.0	60.9273	0.0	0.0	0.0	0.0	156.751	0.0	0.0	9.97403	0.0	11.3013	0.0	0.0	2.7686	4.9979	0.0	0.0	0.0	0.0	0.0	0.0	0.0	0.0	0.0	0.0	0.0	0.0	0.0	0.0	24.7379	0.0	0.0	0.0	0.0
MF0034	0.0	0.0	0.0	0.0	0.0	0.0	0.0	0.0	25.7972	53.2851	21.4895	25.8216	1.6648	4.35335	39.9122	85.389	0.0	0.0	7.11594	0.0	0.0	22.9878	0.0	1.65956	0.0	0.0	80.1599	0.0	11.0994	10.6389	0.0	0.0	50.5951	6.27225	8.5713	49.3785	63.2712	2.15737	2.46116	10.0728	0.0	0.0	0.0	40.5258	0.0	4.63588	15.8522	176.888	0.0	0.0	0.0	0.0	2.52566	0.0	0.0	49.7764	15.8936
MF0035	0.0	0.0	81.0883	0.0	42.0512	19.9491	0.0	0.0	25.264	0.0	57.0002	0.0	38.8493	255.248	38.8486	17.8236	324.907	51.3185	171.133	112.001	0.0	12.6502	31.2561	244.524	0.0	0.0	79.4363	240.451	77.9655	141.638	0.0	13.0312	0.0	60.6664	0.0	0.0	166.719	63.0034	76.8425	0.0	9.1932	0.0	0.0	0.0	0.0	282.338	0.0	30.7418	29.3002	0.0	0.0	0.0	47.7065	27.7204	0.0	16.376	140.408
MF0079	0.0	0.0	34.5477	0.0	24.2625	19.3135	0.0	0.0	0.0	1.53762	37.188	0.0	35.4411	148.883	45.8146	11.6889	394.487	7.86022	101.603	56.4949	3.09927	18.1304	18.8915	251.926	0.0	0.0	12.3754	183.729	22.2428	71.7382	0.0	15.3339	0.0	55.2835	0.0	0.0	84.2125	40.2252	25.3923	0.0	72.8621	0.0	0.0	0.0	0.0	33.2374	0.0	10.4664	19.8991	0.0	0.0	14.9602	43.6144	24.3755	0.0	18.0225	144.414
MF0076	0.0	0.0	24.383000000000003	0.0	25.043615000000003	3.1133800000000003	0.0	0.0	0.0	0.0	37.194855000000004	0.0	28.20205	157.02496	6.7603100000000005	4.3892500000000005	34.58785	43.4951	158.83100000000002	98.80435	0.0	5.13099	62.00425	56.8994	0.0	0.0	81.82965	0.0	107.06725	164.86351	0.0	21.22775	7.057875	8.310595	161.4615	0.0	117.773	38.77005	32.19987	0.0	47.750150000000005	0.0	0.0	24.096955	0.0	0.0	31.733649999999997	147.4821	141.87535	0.0	0.0	0.0	44.5225	55.49901	0.0	3.364625	163.80415
MF0033	0.0	0.0	77.75370000000001	405.13945	53.831149999999994	14.624115	0.0	0.0	215.379365	86.21398	56.82555	0.0	102.18750000000001	376.96450000000004	79.29508999999999	89.52573000000001	278.3065	51.9595	128.9419	160.1035	0.0	74.45102500000002	109.8626	202.203	0.0	0.0	20.211	486.35849999999994	104.519	197.883	0.0	7.852105	0.0	61.011300000000006	0.0	0.0	278.62350000000004	151.90750000000003	95.43834999999999	0.0	96.2733	0.0	0.0	0.0	0.0	189.3258	0.0	0.0	132.3423	0.0	0.0	153.9907	35.0418	244.878645	0.0	37.4863	255.25900000000001
MF0077	0.0	0.0	3.394833333333333	0.0	0.0	6.688433333333333	0.0	0.0	0.0	0.0	0.0	0.0	12.398233333333332	24.19173333333333	10.293533333333334	3.7685999999999997	241.88400000000001	0.4538	29.2297	42.59598666666667	0.0	5.333633333333334	13.6484	91.85433333333333	0.0	0.0	7.394066666666667	0.0	20.941066666666668	0.0	0.0	3.5380333333333334	0.0	22.0795	0.0	0.6414233333333333	30.3062	10.756300000000001	0.0	0.0	65.4712	0.0	0.0	0.3548766666666667	0.0	0.0	0.0	14.201633333333334	0.0	0.0	0.0	0.0	12.3966	0.3099446666666667	0.0	0.0	12.870633333333332
MF0029	0.0	3.88642	14.0841	7.9475	17.3856	12.6199	0.0	0.0	4.45769	2.27191	12.1882	54.7002	48.5345	129.463	78.1807	21.332	348.596	56.7969	14.7059	36.4821	13.3774	21.2639	48.5848	256.162	0.0	10.584	14.7841	0.0	37.6008	2.44859	29.2023	23.1117	8.7705	66.7349	273.931	5.74008	169.901	76.5182	0.0	0.0	68.2078	0.0	1.52753	69.0896	0.0	0.0	70.9816	12.4151	3.85088	84.0689	0.0	8.11491	31.2025	201.78	0.0	12.516	5.54254
MF0085	0.0	0.0	18.9612075	0.0	16.7532	6.385175	0.0	0.0	16.0579	0.5168525	20.011899999999997	0.0	21.34115	82.61955	2.9754375	3.406385	180.18829999999997	12.78345	56.256550000000004	100.2614	0.0	4.2518575	17.298994999999998	96.30045	0.0	9.133624999999999	6.07294	102.7255	35.563375	37.07265	0.0	6.010985	0.0	17.1054	0.0	0.33032	25.5	16.822475	17.371725	0.0	39.22895	18.7994	0.0	0.0	719.7645	29.9842	0.0	23.6479275	15.93595	965.41075	833.9145	13.9372	9.09356	29.094925	0.0	0.9023425	193.07625000000002
MF0041	0.0	0.0	0.0	0.0	0.0	0.0	0.0	0.0	0.0	0.0	0.0	0.0	0.0	0.0	0.0	0.0	0.0	15.8673	35.42865	0.0	0.0	0.0	0.0	0.0	0.0	0.0	0.0	0.0	0.0	0.0	0.0	0.0	0.0	0.0	0.0	0.0	0.0	0.0	0.0	0.0	0.0	0.0	0.0	0.0	0.0	0.0	0.0	0.0	0.0	0.0	0.0	0.0	0.0	0.0	0.0	0.0	0.0
MF0086	11.3078	519.17592	36.23515	312.2733	10.897485	410.7948	327.9495	3.58024	136.3844	134.52075	11.8599	183.2116	56.325500000000005	155.24349999999998	212.1304	208.16750000000002	314.235	43.40065	132.6135	111.63669999999999	281.09815	142.3115	141.822	282.9515	347.82352000000003	24.288800000000002	82.1473	45.14615	68.5806	89.1046	61.55585	23.0373	144.1599	148.7214	192.684	139.6089	202.60399999999998	108.98275	23.7669	150.1083	84.944	295.90871500000003	502.86219	154.6515	371.366815	220.89245	130.0054	256.204185	82.51805	521.51	452.12	450.04935	38.39785	192.313	3.10452	94.61975	167.0035
MF0042	0.0	0.0	0.0	0.0	0.0	0.0	0.0	0.0	0.0	0.0	0.0	0.0	0.0	0.0	0.0	0.0	11.4094	0.0	0.0	2.18705	0.0	0.0	0.0	0.0	0.0	0.0	0.0	0.0	0.0	0.0	0.0	0.0	0.0	0.0	0.0	0.0	0.0	0.0	1.28788	0.0	0.0	0.0	0.0	0.0	0.0	0.0	0.0	0.0	0.0	0.0	0.0	0.0	0.0	0.0	0.0	0.0	0.0
MF0040	0.0	0.0	42.355	9.05135	22.0869	10.6022	1.328225	0.0	0.0	0.0	20.478	0.0	27.2115	107.666	14.0847	3.20667	211.805	32.0775	118.022	89.7343	0.0	10.255	13.3779	151.978	0.0	0.0	87.07475	173.077	18.0468	57.5647	0.0	1.20515	0.0	25.9066	0.0	1.53172	38.90735	17.9368	23.6492	0.0	16.51135	0.0	0.0	0.0	0.0	0.0	0.0	48.22385	14.3072	0.0	0.0	10.7465	14.62945	11.7793	0.0	11.8754	226.175
MF0084	0.0	0.0	0.0	0.0	0.0	0.0	0.0	0.0	0.0	0.0	0.0	0.0	0.0	0.0	0.0	0.0	0.0	0.0	0.0	0.0	0.0	0.0	0.0	0.0	0.0	0.0	0.0	0.0	98.853	0.0	0.0	0.0	0.0	0.865087	0.0	0.0	0.0	0.0	0.0	0.0	0.0	0.0	0.0	0.0	0.0	0.0	0.0	0.0	0.0	0.0	0.0	0.0	24.683	0.0	0.0	0.0	126.736
MF0082	0.0	0.0	23.011	0.0	0.0	11.118799999999998	0.0	0.0	0.0	0.0	0.0	0.0	21.830264999999997	58.496205	31.64365	11.19135	248.182	0.0	89.5729	84.55510000000001	0.0	26.829345	0.0	204.132	0.0	0.0	0.0	0.0	42.46895	0.0	0.0	0.0	0.0	34.31785	0.0	0.0	56.685	0.0	0.0	0.0	20.53421	0.0	0.0	0.0	0.0	0.0	0.0	0.0	0.0	0.0	0.0	0.0	24.48135	10.129455	0.0	0.0	85.4191
MF0080	0.0	0.0	1.697695	0.0	0.0	0.0	0.0	0.0	0.0	0.0	0.0	0.0	0.0	0.0	0.0	0.0	0.0	0.0	6.5371500000000005	0.0	0.0	0.0	0.0	0.0	0.0	0.0	0.0	0.0	0.0	0.0	0.0	0.0	0.0	1.807795	0.0	0.0	0.0	0.0	18.782784999999997	0.0	2.6745599999999996	0.0	0.0	0.0	0.0	0.0	0.0	0.0	0.0	0.0	0.0	0.0	0.0	0.0	0.0	0.0	0.0
MF0005	0.0	101.495	0.0	0.0	0.0	10.9355	0.0	7.35878	193.127	0.0	0.0	0.0	32.4508	0.0	0.0	0.0	0.0	31.6412	32.371	51.7581	13.5853	53.6737	18.2089	132.25	40.5913	0.0	0.0	0.0	0.0	0.0	0.0	4.00156	0.0	14.0481	54.7635	0.0	109.731	107.136	0.0	0.0	0.0	6.98371	0.0	0.0	0.0	0.0	4.89346	157.652	0.0	0.0	28.4836	0.0	38.5352	32.3003	0.0	0.0	0.0
MF0049	0.0	573.1315	51.797650000000004	0.0	0.0	32.209	323.2555	0.0	52.7285	0.0	0.0	0.0	53.6487	285.45050000000003	93.33365	32.771550000000005	595.9205	27.361694999999997	121.09435	156.55245	7.24281	81.2422	36.7492	445.328	318.7935	0.0	84.4467	148.776175	160.8075	112.39506499999999	0.0	24.719335	0.0	94.2449	123.7073	0.0	110.42415	36.179	27.287195	45.911485	113.70895	291.58849999999995	514.364	26.078770000000002	0.0	0.0	0.0	97.7371	0.0	0.0	364.990885	470.688	68.48955000000001	105.92929999999998	0.0	10.61094	0.0
MF0006	0.0	30.0749	35.3614	763.133	12.289	36.3278	0.0	23.9601	655.237	204.331	10.1272	83.0005	97.9994	25.5319	123.084	112.046	7.74602	114.605	65.323	106.207	169.847	82.1308	72.4077	99.5256	73.6193	15.6698	18.05	51.4914	77.6506	15.6097	177.888	57.0805	79.5315	97.9359	281.68	110.342	196.319	362.126	35.2517	309.005	15.6279	105.665	7.81	94.2787	29.2039	16.3906	106.058	7.3529	159.356	6.27903	94.3425	0.0	38.1753	48.7761	9.925	49.1577	54.4993
MF0003	0.0	0.0	31.759149999999998	0.0	0.0	0.0	0.0	0.0	0.0	0.0	0.0	0.0	0.0	0.0	0.0	0.0	0.0	4.5059625	0.0	38.53916	0.0	0.0	13.190975	25.030250000000002	0.0	0.0	0.0	0.0	0.0	0.0	0.0	0.0	0.0	6.3536	0.0	6.70212	0.0	0.0	0.0	0.0	0.0	0.0	0.0	0.0	0.0	0.0	0.0	0.0	0.0	0.0	0.0	0.0	0.0	0.0	0.0	0.0	0.0
MF0047	0.0	0.0	63.661199999999994	0.0	30.242399999999996	16.78575	0.0	0.0	0.0	7.674675000000001	31.07775	53.1242	12.2336	184.5475	60.69884999999999	16.96085	236.368	23.35826	60.141099999999994	73.67175	156.163	12.2758	21.453	244.2635	0.0	0.0	73.4317	105.39405	30.094549999999998	88.87485000000001	15.1436	325.6945	2.3812800000000003	45.2203	25.9867	0.0	50.14595	36.48615	81.44125	11.707899999999999	179.524	0.0	0.0	0.0	0.0	35.521950000000004	2.477445	105.0343	6.84091	0.0	0.0	0.0	27.0178	103.49374999999999	0.0	0.0	6.8938500000000005
MF0004	0.0	0.0	27.9136	0.0	0.0	0.0	0.0	0.0	0.0	0.0	0.0	0.0	0.0	0.0	0.0	0.0	0.0	0.0	0.0	0.0	0.0	0.0	0.0	51.8154	0.0	0.0	0.0	0.0	0.0	0.0	0.0	0.0	0.0	21.9607	0.0	0.0	0.0	0.0	0.0	0.0	0.0	0.0	0.0	0.0	0.0	0.0	0.0	0.0	0.0	0.0	0.0	0.0	0.0	0.0	0.0	0.0	0.0
MF0048	0.0	0.0	88.5759	308.102	28.9996	709.054	5.09882	2.92241	58.7021	4.04122	22.5851	6.15196	34.8676	273.878	36.3667	34.9056	184.362	25.344	157.196	147.92	14.1274	16.0034	110.615	358.254	4.2824	12.793	39.6798	223.339	261.792	129.506	24.4317	9.35246	7.48199	102.201	12.7841	6.79276	154.739	54.167	18.0813	3.02023	56.6863	2.42145	1.72824	3.91282	2.15624	0.0	26.44	659.791	138.556	1.12135	9.54903	12.4438	99.3413	406.515	0.0	15.9802	287.554
MF0001	0.0	538.821	25.7168	62.0843	4.39069	6.48234	303.858	5.68942	132.253	202.954	1.9517	56.0586	28.3615	12.8288	147.309	233.108	274.559	11.7798	4.95499	7.53598	163.504	63.0653	40.4953	43.1438	219.024	0.0	5.28615	8.37145	11.3131	5.01736	28.3012	11.5483	140.82	21.2347	84.6237	156.226	151.857	71.0295	41.7068	34.7868	3.3477	163.981	595.861	25.8832	7.0076	20.3614	52.4987	10.7542	8.11685	3.26852	19.6194	442.122	7.11642	66.4091	3.16596	88.6805	30.2312
MF0045	0.0	0.0	54.58685	35.567	42.621365000000004	0.0	0.0	0.0	0.0	0.0	38.968545	0.0	6.6654	165.77429999999998	15.85927	0.0	160.1171	20.40295	20.897100000000002	6.878615	0.0	0.0	3.7281500000000003	148.09815	0.0	0.0	40.12765	313.154	68.07679999999999	127.75900000000001	0.0	191.96893	0.0	26.465690000000002	0.0	0.0	61.633860000000006	0.0	63.71255000000001	3.36061	46.9408	0.0	0.0	0.0	0.0	190.3231	0.0	0.0	42.2114	0.0	0.0	0.0	57.751650000000005	12.7404	0.0	1.713575	0.0
MF0089	0.0	0.0	0.0	0.0	0.0	0.0	0.0	0.0	0.0	0.0	0.0	0.0	0.0	0.0	0.0	0.0	0.0	1.4914425000000002	0.0	0.0	0.0	0.0	0.0	0.0	0.0	0.0	0.0	0.0	0.0	0.0	0.0	0.0	0.0	0.0	0.0	0.0	0.0	0.0	0.0	0.0	0.0	0.0	0.0	0.0	0.0	0.0	0.0	0.0	0.0	0.0	0.0	0.0	0.0	0.0	0.0	0.0	0.0
MF0002	0.0	7.32058	29.1373	98.5546	7.13025	12.5012	6.00291	4.58618	210.176	26.802	7.8935	84.7669	65.5349	24.5863	14.6034	47.3794	11.1254	28.7462	32.2985	73.4018	603.141	15.9634	92.6522	64.2018	14.1437	12.1832	15.3739	13.5686	9.57174	2.54736	80.2997	11.473	0.0	20.8759	17.2721	8.41079	403.626	173.833	28.7479	5.28689	72.9758	18.7421	3.49235	163.601	555.113	2.38883	203.577	563.398	9.90483	642.069	750.019	0.0	5.08836	266.062	0.0	1.58741	4.63861
MF0046	0.0	0.0	43.8799	35.1031	28.8517	14.342	0.0	0.0	71.7715	4.04712	23.7013	0.0	38.0643	175.264	7.74803	8.53295	43.8619	12.2171	165.384	105.1	0.0	8.59211	26.9769	159.055	6.44929	0.0	6.65572	220.664	255.006	71.327	10.3204	4.12233	0.0	30.6609	0.0	0.0	186.259	49.3813	79.7951	0.0	2.52577	0.0	0.0	4.58067	1.56322	0.0	0.0	43.7581	9.14249	0.946827	6.05129	0.0	75.9991	15.6435	0.0	0.0	353.36
MF0087	0.0	1.00582	38.4714	0.0	0.0	17.8183	0.0	0.0	0.0	0.0	0.0	0.0	38.7509	114.005	32.5862	14.3245	250.529	15.8673	146.484	92.2814	0.0	11.1579	34.216	234.734	0.0	0.0	10.1641	0.0	196.335	3.35228	0.0	10.5401	0.0	49.9154	0.0	0.0	85.1009	25.952	7.21166	0.0	68.4018	0.0	0.0	0.0	0.0	0.0	0.0	45.2391	5.80382	0.0	0.0	0.0	61.308	16.3217	0.0	2.70734	147.676
MF0043	0.0	0.0	5.5136400000000005	0.0	2.269375	0.0	0.0	0.0	0.0	0.0	11.7005	0.0	0.0	2.18065	0.0	0.0	0.0	2.4715	10.4633	0.0	0.0	0.0	0.0	5.745839999999999	0.0	0.0	82.32135	0.0	0.0	3.305745	0.0	0.0	0.0	0.0	0.0	0.0	0.0	2.6520349999999997	0.0	0.0	0.0	0.0	0.0	0.0	0.0	0.0	0.0	0.0	0.0	0.0	0.0	0.0	0.0	0.0	0.0	0.0	0.0
MF0044	1.45317	700.877	40.6999	69.1651	31.8848	12.1745	393.706	7.57011	187.963	21.1725	48.5851	136.562	92.55	152.107	131.019	61.291	13.3494	46.0203	92.7493	130.971	42.9079	155.445	114.713	66.2092	388.898	24.0464	92.3623	200.244	199.99	117.119	96.5749	16.4997	76.4867	115.295	340.801	27.8664	242.274	123.999	37.8171	331.022	148.709	366.084	549.5	140.003	579.055	35.9067	142.547	187.984	9.65974	737.739	713.89	430.896	58.4475	240.707	8.48531	29.4415	95.3692
MF0088	0.0	0.0	0.0	0.0	0.0	0.0	0.0	0.0	0.0	0.0	0.0	0.0	0.0	0.0	0.0	0.0	0.0	0.0	0.0	0.0	0.0	0.0	0.0	0.0	0.0	0.0	3.14726	0.0	0.0	0.0	0.0	0.0	0.0	0.0	0.0	0.0	0.0	0.0	0.0	0.0	15.522	0.0	0.0	0.0	0.0	0.0	0.0	0.0	0.0	0.0	0.0	0.0	0.0	0.0	0.0	0.0	0.0
MF0052	0.0	0.0	4.64779	0.0	0.0	0.0	0.0	0.0	0.0	0.0	0.0	0.0	25.611	0.0	0.0	0.0	20.5885	0.0	98.7498	57.3757	0.0	0.0	12.4985	70.0176	0.0	0.0	0.0	0.0	95.8016	0.0	0.0	9.61395	0.0	10.817	0.0	0.0	50.3441	22.9212	0.0	0.0	0.0	0.0	0.0	0.0	0.0	0.0	0.0	0.0	0.0	0.0	0.0	0.0	34.6832	8.17972	0.0	0.0	161.785
MF0096	0.0	0.0	38.9657	0.0	0.0	21.238525	0.0	0.0	0.0	0.0	0.0	0.0	19.857325000000003	116.09299999999999	41.0433	15.99737875	223.86576250000002	36.297462499999995	114.2906375	58.3989725	0.0	17.147914999999998	24.329155	246.08012499999998	0.0	0.0	39.69319	0.0	161.7511125	0.0	0.0	14.35405	0.0	50.5148375	0.0	0.0	127.1745	46.969224999999994	25.8676625	0.0	72.8532625	0.0	0.0	0.0	0.0	33.602725	0.0	87.6344375	126.95349999999999	0.0	0.0	0.0	49.4956	28.744950000000003	0.0	14.56981125	80.46584999999999
MF0053	0.0	0.0	0.0	0.0	0.0	0.0	0.0	0.0	0.0	0.0	0.0	0.0	0.0	0.0	0.0	0.0	0.0	0.0	7.957115	0.0	0.0	0.0	0.0	0.0	0.0	0.0	0.0	0.0	0.0	0.0	0.0	0.0	0.0	0.0	0.0	0.0	0.0	0.0	0.0	0.0	0.0	0.0	0.0	0.0	0.0	0.0	0.0	0.0	0.0	0.0	0.0	0.0	0.0	0.0	0.0	0.0	0.0
MF0050	2.48187	311.158	46.9122	0.0	19.1046	407.09777	222.988	0.284085	16.7467	97.844	22.51755	161.448	124.82589999999999	148.334	206.16025000000002	171.99722	341.23249999999996	57.2693	112.6565	94.89824999999999	162.316	62.89107	84.11340000000001	281.385	163.5225	24.12275	38.855624999999996	119.244	134.38975	48.82291	76.5315	16.134050000000002	93.0315	98.5549	215.605	60.821	119.25765	81.542	50.342600000000004	129.01388	55.3361	166.141	331.4265	41.41775	0.0	25.145300000000002	164.953	205.53646	5.42485	0.0	0.0	316.651	62.5529	99.067	0.0	41.4675	56.17105
MF0094	0.0	0.0	1.5245	0.0	0.0	0.0	0.0	0.0	0.0	0.0	0.0	0.0	0.0	0.0	0.0	0.0	0.0	0.0	1.4289	0.0	0.0	0.0	0.0	0.0	0.0	0.0	0.0	0.0	0.0	0.0	0.0	0.0	0.0	2.18636	0.0	0.0	0.0	0.0	27.9024	0.0	1.27242	0.0	0.0	1.46321	0.0	0.0	0.0	0.0	0.0	0.0	0.0	0.0	1.06871	0.0	0.0	0.0	0.0
MF0051	0.0	0.0	28.556900000000002	0.0	41.81735	20.4739	0.0	1.93825	7.524184999999999	24.837237499999997	50.4327	6.818075	21.754725	221.39	53.00795	35.3198	302.447	39.304424999999995	43.5883	67.704775	0.0	18.02335	4.0122025	231.49650000000003	0.0	0.0	42.87172	215.065	141.64600000000002	115.096	0.0	15.48325	0.0	54.213899999999995	0.0	0.0	140.297	36.308350000000004	53.482475	8.769475	33.050125	0.0	0.0	8.31345	0.0	0.0	0.0	28.656875	13.57629	0.0	0.0	81.5644	58.1084	43.7951	1.302655	0.0	136.19549999999998
MF0092	1.72999	1021.2	46.7179	1111.69	69.3655	951.511	662.636	49.9711	1346.72	272.455	44.3915	384.703	432.446	283.038	393.837	292.802	328.552	150.8	72.9169	211.904	62.5909	580.076	219.011	218.276	844.704	139.48	46.0498	292.451	142.078	189.45	368.272	41.6596	240.565	464.855	757.578	180.497	659.055	888.593	91.7781	948.774	196.633	526.739	987.568	356.846	685.897	396.06	607.179	913.446	276.65	1051.32	866.771	926.468	37.1413	685.886	6.32895	125.995	155.952
MF0093	0.0	0.0	0.0	0.0	0.0	8.064985	0.0	0.0	0.0	0.0	0.0	0.0	0.0	56.88506999999999	32.18047	65.74319	25.519849999999998	0.0	0.0	0.0	0.0	14.946359999999999	0.0	81.41720000000001	0.0	0.0	0.0	0.0	52.213305	0.0	0.0	0.0	0.0	19.63655	0.0	0.0	0.0	0.0	0.0	0.0	0.0	0.0	0.0	0.0	0.0	0.0	0.0	0.0	0.0	0.0	0.0	0.0	33.17475	0.0	0.0	0.0	0.0
MF0090	0.0	623.696	39.9508	0.0	0.0	805.498	445.976	0.0	50.3839	0.0	0.0	0.0	219.344	232.607	397.249	342.376	318.293	79.093	99.5446	85.218	20.8492	122.341	149.02	239.804	349.958	0.0	12.9834	0.0	112.233	2.29713	153.063	41.1133	186.063	171.808	431.21	0.0	199.179	136.063	86.1161	256.2	93.6789	332.282	662.853	82.8355	0.0	0.0	329.906	405.324	0.0	0.0	0.0	633.302	47.3291	198.134	0.0	82.935	86.6346
MF0091	0.0	0.0	52.650800000000004	0.0	58.6917	0.0	0.0	0.0	0.0	103.67609999999999	86.67875000000001	0.0	111.13505	193.19799999999998	0.0	0.0	0.0	40.34104000000001	57.11450000000001	0.0	0.0	0.0	0.0	0.0	0.0	0.0	351.438	341.249	0.0	216.82800000000003	0.0	344.705	0.0	0.0	0.0	0.0	101.16783000000001	0.0	127.23915	129.45226	65.571655	0.0	0.0	0.0	0.0	789.9969000000001	0.0	0.0	331.32759999999996	0.0	0.0	0.0	0.0	0.0	37.670165000000004	0.0	0.0
MF0016	0.0	0.0	0.0	0.0	0.0	0.0	0.0	0.0	0.0	0.0	0.0	0.0	0.0	131.156	0.0	0.0	61.002	0.0	0.0	0.0	0.0	0.0	0.0	60.8083	0.0	0.0	0.0	0.0	140.124	0.0	0.0	9.01062	0.0	19.4895	0.0	0.0	0.0	0.0	0.0	0.0	0.0	0.0	0.0	0.0	0.0	0.0	0.0	0.0	0.0	0.0	0.0	0.0	57.5871	0.0	0.0	0.0	0.0
MF0017	0.0	568.701	42.4591	437.997	20.6296	30.3682	0.0	0.0	255.562	148.792	27.7416	121.089	111.001	0.0	298.014	301.673	67.1673	69.9103	25.7236	64.4318	514.337	219.217	122.073	168.353	375.84	43.554	14.2801	42.3179	52.5771	12.7087	201.277	29.6029	166.155	188.17	425.138	139.451	248.795	148.583	0.0	481.953	52.3781	339.591	0.0	110.349	0.0	17.4575	245.699	375.17	94.2877	0.0	0.0	0.0	35.592	272.721	0.0	96.5249	61.0875
MF0014	0.0	0.0	36.387	0.0	0.0	34.0861	0.0	0.0	202.93525000000002	106.8586	0.0	106.16566	66.30895	131.12	153.08715	178.9658	250.9475	0.0	62.6078	46.2307	0.0	55.209450000000004	58.177899999999994	230.3175	0.0	0.0	0.0	0.0	89.3895	0.0	203.027	32.02745	118.13499999999999	76.61805	325.8705	71.81415	117.12535	144.0906	0.0	422.567	0.0	0.0	0.0	0.0	0.0	11.42126	146.44915	189.41118500000002	0.0	0.0	0.0	0.0	56.613600000000005	116.0966	0.0	46.4612	44.31315
MF0058	0.0	0.0	0.0	0.0	0.0	2.83864	0.0	0.0	0.0	0.0	0.0	0.0	5.36511	128.349	40.4547	7.58919	57.6923	22.4911	5.86394	3.06802	0.0	6.11658	3.19726	38.3132	0.0	0.0	0.0	0.0	166.279	0.0	0.0	17.6648	0.0	11.6687	0.0	0.0	103.9	21.3717	0.0	0.0	0.0	0.0	0.0	0.0	0.0	0.0	0.0	0.0	0.0	0.0	0.0	0.0	47.2516	8.74257	0.0	0.0	0.0
MF0015	0.0	278.649	4.50474	126.31	15.9847	7.72831	239.512	6.79716	234.552	48.183	13.7257	111.168	101.347	0.0	100.567	50.9345	1.42036	44.5842	12.1592	49.956	16.5933	104.492	75.2725	17.3648	206.448	26.7142	19.2144	5.82564	80.3824	0.0	71.941	17.6693	70.6765	79.7399	232.371	28.773	147.845	212.285	22.0514	293.833	81.8718	238.976	300.507	159.44	7.75871	3.60528	134.48	176.208	7.44103	69.4638	26.6587	288.816	29.4011	43.9546	4.7535	26.4108	35.6916
MF0059	0.0	0.0	0.0	0.0	0.0	0.0	0.0	0.0	0.0	0.0	0.0	0.0	0.0	0.0	0.0	0.0	0.0	0.0	0.0	0.0	0.0	0.0	0.0	0.0	0.0	0.0	0.0	0.0	72.50184999999999	0.0	0.0	0.0	0.0	0.0	0.0	0.0	0.0	0.0	0.0	0.0	0.0	0.0	0.0	0.0	0.0	0.0	0.0	0.0	0.0	0.0	0.0	0.0	27.95565	0.0	0.0	0.0	0.0
MF0012	0.0	620.815	10.3271	311.191	7.31481	5.63717	336.837	0.0	29.7036	103.669	29.5055	68.2091	34.0284	32.9736	94.226	120.631	64.1509	35.3824	74.2169	87.5634	449.265	47.1493	106.631	146.056	351.092	15.6788	169.098	22.7194	126.841	11.0853	0.0	7.93189	70.5955	18.3555	50.4368	86.8958	15.2416	26.7591	32.117	22.1756	16.499	312.974	522.311	63.0565	628.055	23.386	27.1794	6.54745	76.6052	669.247	372.059	378.316	38.8344	66.6526	0.0	55.9314	25.5669
MF0056	0.0	0.0	34.90345	0.0	0.0	0.0	0.0	0.0	13.97848	0.0	15.453780000000002	0.0	14.886	147.86450000000002	0.0	0.0	140.79405	23.8607	72.5442	50.3271	0.0	0.0	0.0	105.27425	0.0	0.0	2.66818	101.906	16.16235	68.4554	0.0	9.546715	0.0	19.890835000000003	0.0	0.0	58.877700000000004	11.453199999999999	0.0	0.0	0.0	0.0	0.0	0.0	0.0	0.0	0.0	0.0	18.241275	0.0	0.0	0.0	17.78275	9.708835	0.0	3.214995	0.0
MF0013	0.0	0.0	24.003325	0.0	0.0	0.0	0.0	0.0	0.0	0.0	0.0	0.0	83.92542999999999	0.0	0.0	46.94244499999999	0.0	0.0	75.37665	98.5296	0.0	0.0	57.58112	99.072625	0.0	0.0	0.0	0.0	96.84525000000001	0.0	0.0	14.062165	0.0	56.00086	0.0	0.0	0.0	101.90185	0.0	0.0	0.0	0.0	0.0	0.0	0.0	0.0	0.0	0.0	0.0	0.0	0.0	0.0	32.853375	0.0	0.0	0.0	37.971125
MF0010	0.0	292.45479000000006	22.36165	146.9263	0.0	45.28885	151.831955	4.123419999999999	207.9715	80.38750000000002	1.70113	176.10345	72.09774999999999	25.4135	67.8872	91.5207	17.4243	66.6526	56.463350000000005	88.1929	587.3775	52.952099999999994	119.1816	84.6864	170.19484999999997	13.14325	19.7671	36.300195	53.498619999999995	52.61768	64.16075000000001	26.790599999999998	0.0	34.90805	226.96855	44.774894999999994	312.485	174.4135	56.00295	11.759045	82.42935	134.65255	236.85967499999998	150.253	666.127	33.751065	193.898	393.491	111.179415	849.7895	832.6045	0.0	20.80513	231.005	0.0	26.925605	26.543355
MF0054	0.0	0.0	19.5460925	0.0	31.174725	0.0	0.0	0.0	0.0	0.0	42.3718	0.0	0.0	152.334115	0.0	50.603105	0.0	30.349075000000003	50.1266625	43.592105	0.0	38.494775000000004	0.0	43.862700000000004	0.0	0.0	51.96807	163.2725	0.0	71.9583125	0.0	0.0	0.0	0.0	0.0	0.0	0.0	51.82939999999999	17.2488175	108.9508	30.646225	0.0	0.0	0.0	0.0	0.0	0.0	94.71225000000001	46.5489	0.0	0.0	0.0	0.0	0.0	2.7881925	0.0	0.0
MF0098	0.0	0.0	0.0	0.0	0.0	0.0	0.0	0.0	0.0	0.0	0.0	0.0	0.0	0.0	0.0	0.0	0.0	0.0	0.0	0.0	0.0	0.0	0.0	0.0	0.0	0.0	2.55535	0.0	0.0	0.0	0.0	0.0	0.0	0.0	0.0	0.0	0.0	0.0	0.0	0.0	14.6312	0.0	0.0	0.0	0.0	0.0	0.0	0.0	0.0	0.0	0.0	0.0	0.0	0.0	0.0	0.0	0.0
MF0055	0.0	600.092	17.3274	0.0	0.0	8.44032	353.336	0.0	0.0	122.217	0.0	29.5549	34.291	12.801	97.6608	185.964	23.0125	5.9855	30.8832	107.086	0.0	111.486	18.4443	124.87	385.641	11.4685	0.0	27.6176	126.787	0.0	0.0	0.0	124.851	37.1748	102.709	126.191	78.5594	30.8833	0.0	28.3952	0.0	246.9	601.632	6.0248	0.0	15.2427	62.4122	345.175	0.0	0.0	3.45801	622.927	55.7236	209.44	0.0	78.2221	197.261
MF0011	0.0	0.0	0.0	0.0	0.0	13.942995	0.0	0.0	151.09455	0.0	0.0	0.0	54.43625	26.289250000000003	43.977900000000005	0.0	0.0	63.71825	71.42465	56.38655	0.0	0.0	34.054500000000004	72.5412	0.0	0.0	0.0	0.0	0.0	53.462295000000005	0.0	0.0	0.0	33.202349999999996	0.0	0.0	160.047	115.62325	0.0	0.0	0.0	0.0	0.0	76.513	0.0	0.0	0.0	0.0	0.0	0.0	0.0	0.0	0.0	121.0515	0.0	12.91893	0.0
MF0009	0.0	56.0293	10.1282	16.0256	6.91946	7.10107	0.0	0.0	45.3265	7.65884	4.56721	46.8928	41.4209	116.695	280.401	133.799	27.674	3.5988	72.5513	113.432	643.63	214.568	69.0215	88.9723	0.0	96.1925	6.19442	0.0	119.198	0.0	178.372	128.966	137.117	140.867	258.759	69.534	163.594	57.4454	16.8192	345.63	47.1764	0.0	0.0	56.7921	0.0	6.28923	91.2787	246.364	0.653364	46.2285	0.0	3.05492	39.0588	104.26	0.0	64.4707	61.6127
MF0007	0.0	0.0	0.0	0.0	0.0	0.0	0.0	0.0	0.0	0.0	0.0	0.0	0.0	0.0	0.0	0.0	0.0	0.0	0.0	0.0	0.0	0.0	0.0	0.0	0.0	0.0	0.0	0.0	0.0	0.0	0.0	0.0	0.0	0.0	0.0	0.0	15.665	0.0	0.0	0.0	0.0	0.0	0.0	0.0	0.0	0.0	0.0	0.0	0.0	0.0	0.0	0.0	0.0	16.0819	0.0	0.0	0.0
MF0008	0.0	316.79253	10.92418	90.13065	2.3551650000000004	16.534074999999998	0.0	6.411685	217.897	113.1151	1.827045	129.064	48.31655	0.0	361.005	292.47950000000003	4.85197	40.35485	12.8594	42.746399999999994	97.38065	238.95550000000003	116.001	20.62365	221.50975	43.5519	5.997175	6.12374	12.709134999999998	3.08406	293.9755	20.4668	241.6535	176.82399999999998	530.9915	128.3413	241.3525	126.0985	0.0	757.6025	16.82545	172.065795	311.83002	101.5327	7.719165	17.16485	246.1975	318.9845	10.21799	0.0	28.352	0.0	7.490755	200.6397	0.0	86.84870000000001	94.23785000000001
