Module	WK059-1-L-48h-04H1_S35_interleaved_Abundance-RPKs	WK003-1-L-08h-01F9_S33_interleaved_Abundance-RPKs	WK065-2-G-48h-05H9_S124_interleaved_Abundance-RPKs	WK012-2-L-08h-02B2_S71_interleaved_Abundance-RPKs	WK068-1-L-48h-05C5_S75_interleaved_Abundance-RPKs	WK004-2-G-48h-01C7_S4_interleaved_Abundance-RPKs	WK059-2-L-48h-04H3_S37_interleaved_Abundance-RPKs	WK001T-2-L-16h-05F2_S99_interleaved_Abundance-RPKs	WK044-2-L-48h-03H2_S84_interleaved_Abundance-RPKs	WK050-1-L-08h-04C7_S125_interleaved_Abundance-RPKs	WK068-2-L-48h-05C7_S77_interleaved_Abundance-RPKs	WK048-1-L-48h-03I7_S98_interleaved_Abundance-RPKs	WK034-2-G-48h-04B1_S110_interleaved_Abundance-RPKs	WK045-2-G-48h-04C3_S121_interleaved_Abundance-RPKs	WK052-1-L-48h-04D9_S7_interleaved_Abundance-RPKs	WK016-2-G-48h-01E1_S16_interleaved_Abundance-RPKs	WK049-2-L-48h-05A9_S61_interleaved_Abundance-RPKs	WK016-2-L-08h-02C9_S87_interleaved_Abundance-RPKs	WKMedia_2_L_08h_02H2_S3_interleaved_Abundance-RPKs	WK016-1-L-08h-02C7_S85_interleaved_Abundance-RPKs	WK007-1-L-48h-01H8_S50_interleaved_Abundance-RPKs	WK067-2-L-08h-05C2_S72_interleaved_Abundance-RPKs	WK058-2-L-48h-04G8_S33_interleaved_Abundance-RPKs	WK057-2-G-48h-05G9_S115_interleaved_Abundance-RPKs	WK068-2-G-48h-05I3_S127_interleaved_Abundance-RPKs	WK031-2-G-48h-04A7_S107_interleaved_Abundance-RPKs	WK048-2-L-48h-03I9_S100_interleaved_Abundance-RPKs	WK013-1-L-48h-02B5_S74_interleaved_Abundance-RPKs	WK013-2-L-48h-02B7_S76_interleaved_Abundance-RPKs	WK061-2-G-48h-05H4_S119_interleaved_Abundance-RPKs	WK069-2-L-08h-05D1_S80_interleaved_Abundance-RPKs	WK001-1-L-48h-01F2_S26_interleaved_Abundance-RPKs	WK001-2-L-48h-01F4_S28_interleaved_Abundance-RPKs	WK033-1-L-08h-03B9_S37_interleaved_Abundance-RPKs	WK051-1-L-48h-04D5_S3_interleaved_Abundance-RPKs	WK056-2-L-48h-04F9_S25_interleaved_Abundance-RPKs	WK056-1-L-48h-04F7_S23_interleaved_Abundance-RPKs	WK043-2-L-48h-03G7_S80_interleaved_Abundance-RPKs	WK058-1-L-48h-04G6_S31_interleaved_Abundance-RPKs	WK001T-1-L-48h-05F9_S106_interleaved_Abundance-RPKs	WK001T-2-L-02h-05D8_S87_interleaved_Abundance-RPKs	WK033-2-L-48h-03C3_S40_interleaved_Abundance-RPKs	WK041-1-L-48h-03F6_S70_interleaved_Abundance-RPKs	WK041-2-L-48h-03F8_S72_interleaved_Abundance-RPKs	WK038-1-L-48h-03E3_S58_interleaved_Abundance-RPKs	WK002-2-G-48h-01C5_S133_interleaved_Abundance-RPKs	WK055-2-L-08h-04F4_S20_interleaved_Abundance-RPKs	WK003-2-L-48h-01G3_S36_interleaved_Abundance-RPKs	WK042-2-L-48h-03G3_S76_interleaved_Abundance-RPKs	WK059-1-L-08h-04G9_S34_interleaved_Abundance-RPKs	WK008-1-L-48h-01I3_S54_interleaved_Abundance-RPKs	WK039-2-G-48h-04B6_S115_interleaved_Abundance-RPKs	WK033-1-L-48h-03C1_S38_interleaved_Abundance-RPKs	WK011-1-L-48h-02A6_S66_interleaved_Abundance-RPKs	WK014-1-L-08h-02B8_S77_interleaved_Abundance-RPKs	WK010-2-L-08h-02A3_S63_interleaved_Abundance-RPKs	WK036-1-L-08h-03D3_S49_interleaved_Abundance-RPKs	WK050-1-L-48h-04C8_S126_interleaved_Abundance-RPKs	WK040-1-L-08h-03F1_S65_interleaved_Abundance-RPKs	WK018-2-G-48h-01E3_S18_interleaved_Abundance-RPKs	WK001T-2-L-04h-05E3_S91_interleaved_Abundance-RPKs	WK049-2-G-48h-05H8_S123_interleaved_Abundance-RPKs	WK063-1-L-08h-04I7_S50_interleaved_Abundance-RPKs	WK018-1-L-08h-02D6_S93_interleaved_Abundance-RPKs	WK005-2-G-48h-01C8_S5_interleaved_Abundance-RPKs	WK030-1-L-48h-03A7_S26_interleaved_Abundance-RPKs	WK066-2-L-08h-05B7_S68_interleaved_Abundance-RPKs	WK033-2-G-48h-04A9_S109_interleaved_Abundance-RPKs	WK052-2-L-08h-04E1_S8_interleaved_Abundance-RPKs	WK019-2-L-08h-02E3_S99_interleaved_Abundance-RPKs	WK017-1-L-08h-02D2_S89_interleaved_Abundance-RPKs	WK001T-1-L-16h-05F1_S98_interleaved_Abundance-RPKs	WK001T-2-G-00h-05I6_S130_interleaved_Abundance-RPKs	WK069-1-L-08h-05C8_S78_interleaved_Abundance-RPKs	WK004-2-L-08h-01G6_S39_interleaved_Abundance-RPKs	WK008-2-L-08h-01I4_S55_interleaved_Abundance-RPKs	WK006-1-L-08h-01H3_S45_interleaved_Abundance-RPKs	WK060-2-L-48h-04H7_S41_interleaved_Abundance-RPKs	WK035-1-L-48h-03C9_S46_interleaved_Abundance-RPKs	WK039-1-L-48h-03E7_S62_interleaved_Abundance-RPKs	WK066-2-G-48h-05I1_S125_interleaved_Abundance-RPKs	WK045-1-L-08h-03H3_S85_interleaved_Abundance-RPKs	WK054-1-L-08h-04E7_S14_interleaved_Abundance-RPKs	WK047-2-L-08h-03I4_S95_interleaved_Abundance-RPKs	WK063-2-G-48h-05H6_S121_interleaved_Abundance-RPKs	WK034-2-L-08h-03C6_S43_interleaved_Abundance-RPKs	WK038-1-L-08h-03E2_S57_interleaved_Abundance-RPKs	WK042-1-L-08h-03F9_S73_interleaved_Abundance-RPKs	WK048-2-G-48h-04C6_S124_interleaved_Abundance-RPKs	WK011-2-L-08h-02A7_S67_interleaved_Abundance-RPKs	WKMediaT_1_L_00h_05F8_S105_interleaved_Abundance-RPKs	WK009-1-L-48h-01I7_S58_interleaved_Abundance-RPKs	WK037-2-G-48h-04B4_S113_interleaved_Abundance-RPKs	WK018T-2-G-00h-05I8_S132_interleaved_Abundance-RPKs	WK057-1-L-08h-04G1_S26_interleaved_Abundance-RPKs	WK061-2-L-08h-04I1_S44_interleaved_Abundance-RPKs	WK051-2-L-48h-04D7_S5_interleaved_Abundance-RPKs	WK014-2-L-48h-02C2_S80_interleaved_Abundance-RPKs	WK053-2-L-08h-04E5_S12_interleaved_Abundance-RPKs	WK066-1-L-08h-05B5_S66_interleaved_Abundance-RPKs	WK053-2-G-48h-05G5_S111_interleaved_Abundance-RPKs	WK064-2-G-48h-05H7_S122_interleaved_Abundance-RPKs	WK011-2-G-48h-01D5_S11_interleaved_Abundance-RPKs	WK061-1-L-08h-04H8_S42_interleaved_Abundance-RPKs	WK001T-1-L-04h-05E2_S90_interleaved_Abundance-RPKs	WK055-1-L-48h-04F3_S19_interleaved_Abundance-RPKs	WK066-2-L-48h-05B8_S69_interleaved_Abundance-RPKs	WK038-2-L-48h-03E5_S60_interleaved_Abundance-RPKs	WK018T-2-L-16h-05F4_S101_interleaved_Abundance-RPKs	WK018T-2-L-04h-05E5_S93_interleaved_Abundance-RPKs	WK046-2-L-48h-03I1_S92_interleaved_Abundance-RPKs	WK046-1-L-48h-03H8_S90_interleaved_Abundance-RPKs	WK043-1-L-48h-03G5_S78_interleaved_Abundance-RPKs	WK019-1-L-48h-02E2_S98_interleaved_Abundance-RPKs	WK057-2-L-48h-04G4_S29_interleaved_Abundance-RPKs	WK015-2-L-48h-02C6_S84_interleaved_Abundance-RPKs	WK035-2-L-48h-03D2_S48_interleaved_Abundance-RPKs	WK057-1-L-48h-04G2_S27_interleaved_Abundance-RPKs	WK002-1-L-48h-01F6_S30_interleaved_Abundance-RPKs	WK003-2-G-48h-01C6_S3_interleaved_Abundance-RPKs	WK065-2-L-08h-05B3_S64_interleaved_Abundance-RPKs	WK065-1-L-08h-05B1_S62_interleaved_Abundance-RPKs	WK002-2-L-48h-01F8_S32_interleaved_Abundance-RPKs	WK004-2-L-48h-01G7_S40_interleaved_Abundance-RPKs	WK012-2-G-48h-01D6_S12_interleaved_Abundance-RPKs	WK009-2-G-48h-01D3_S9_interleaved_Abundance-RPKs	WK060-2-L-08h-04H6_S40_interleaved_Abundance-RPKs	WK041-2-G-48h-04B8_S117_interleaved_Abundance-RPKs	WKMedia_1_L_0h_05F5_S102_interleaved_Abundance-RPKs	WK019-2-L-48h-02E4_S100_interleaved_Abundance-RPKs	WK030-2-G-48h-04A6_S106_interleaved_Abundance-RPKs	WK035-2-G-48h-04B2_S111_interleaved_Abundance-RPKs	WK042-1-L-48h-03G1_S74_interleaved_Abundance-RPKs	WK062-2-L-08h-04I5_S48_interleaved_Abundance-RPKs	WK012-2-L-48h-02B3_S72_interleaved_Abundance-RPKs	WK001T-1-G-00h-05I5_S129_interleaved_Abundance-RPKs	WK048-1-L-08h-03I6_S97_interleaved_Abundance-RPKs	WK005-2-L-08h-01H1_S43_interleaved_Abundance-RPKs	WK049-1-L-08h-05A6_S58_interleaved_Abundance-RPKs	WK032-2-L-08h-03B7_S35_interleaved_Abundance-RPKs	WK068-2-L-08h-05C6_S76_interleaved_Abundance-RPKs	WK018T-1-L-02h-05D9_S88_interleaved_Abundance-RPKs	WK005-1-L-08h-01G8_S41_interleaved_Abundance-RPKs	WK058-2-G-48h-05H1_S116_interleaved_Abundance-RPKs	WK040-2-L-08h-03F3_S67_interleaved_Abundance-RPKs	WK055-2-G-48h-05G7_S113_interleaved_Abundance-RPKs	WK018-2-L-08h-02D8_S95_interleaved_Abundance-RPKs	WK063-2-L-08h-04I9_S52_interleaved_Abundance-RPKs	WK031-2-L-08h-03B3_S31_interleaved_Abundance-RPKs	WK064-2-L-08h-05A4_S56_interleaved_Abundance-RPKs	WK006-2-L-08h-01H5_S47_interleaved_Abundance-RPKs	WK004-1-L-08h-01G4_S37_interleaved_Abundance-RPKs	WK018T-1-G-00h-05I7_S131_interleaved_Abundance-RPKs	WK030-2-L-48h-03A9_S28_interleaved_Abundance-RPKs	WK067-1-L-08h-05B9_S70_interleaved_Abundance-RPKs	WK007-2-L-08h-01H9_S51_interleaved_Abundance-RPKs	WK018T-1-L-04h-05E4_S92_interleaved_Abundance-RPKs	WK015-1-L-08h-02C3_S81_interleaved_Abundance-RPKs	WK050-2-G-48h-04D2_S129_interleaved_Abundance-RPKs	WK039-2-L-48h-03E9_S64_interleaved_Abundance-RPKs	WK017-2-G-48h-01E2_S17_interleaved_Abundance-RPKs	WK050-2-L-08h-04C9_S127_interleaved_Abundance-RPKs	WK041-2-L-08h-03F7_S71_interleaved_Abundance-RPKs	WK046-2-G-48h-04C4_S122_interleaved_Abundance-RPKs	WK037-1-L-48h-03D8_S54_interleaved_Abundance-RPKs	WK017-2-L-08h-02D4_S91_interleaved_Abundance-RPKs	WK047-1-L-08h-03I2_S93_interleaved_Abundance-RPKs	WK054-2-L-08h-04E9_S16_interleaved_Abundance-RPKs	WKMedia_2_L_00h_02H1_S2_interleaved_Abundance-RPKs	WK001T-1-L-02h-05D7_S86_interleaved_Abundance-RPKs	WK001-2-G-48h-01C4_S1_interleaved_Abundance-RPKs	WK008-2-G-48h-01D2_S8_interleaved_Abundance-RPKs	WK003-2-L-08h-01G2_S35_interleaved_Abundance-RPKs	WK063-1-L-48h-04I8_S51_interleaved_Abundance-RPKs	WK032-2-G-48h-04A8_S108_interleaved_Abundance-RPKs	WK069-2-G-48h-05I4_S128_interleaved_Abundance-RPKs	WK056-2-G-48h-05G8_S114_interleaved_Abundance-RPKs	WK007-1-L-08h-01H7_S49_interleaved_Abundance-RPKs	WK052-1-L-08h-04D8_S6_interleaved_Abundance-RPKs	WK055-2-L-48h-04F5_S21_interleaved_Abundance-RPKs	WK033-2-L-08h-03C2_S39_interleaved_Abundance-RPKs	WK039-1-L-08h-03E6_S61_interleaved_Abundance-RPKs	WKMedia_1_L_48h_05F7_S104_interleaved_Abundance-RPKs	WK010-2-L-48h-02A4_S64_interleaved_Abundance-RPKs	WK010-1-L-48h-02A2_S62_interleaved_Abundance-RPKs	WK060-1-L-08h-04H4_S38_interleaved_Abundance-RPKs	WK044-1-L-48h-03G9_S82_interleaved_Abundance-RPKs	WK014-1-L-48h-02B9_S78_interleaved_Abundance-RPKs	WK051-1-L-08h-04D4_S2_interleaved_Abundance-RPKs	WK015-2-G-48h-01D9_S15_interleaved_Abundance-RPKs	WK030-1-L-08h-03A6_S25_interleaved_Abundance-RPKs	WK036-1-L-48h-03D4_S50_interleaved_Abundance-RPKs	WK036-2-L-48h-03D6_S52_interleaved_Abundance-RPKs	WK045-2-L-48h-03H6_S88_interleaved_Abundance-RPKs	WK018T-2-L-00h-05D6_S85_interleaved_Abundance-RPKs	WK004-1-L-48h-01G5_S38_interleaved_Abundance-RPKs	WK045-1-L-48h-03H4_S86_interleaved_Abundance-RPKs	WK037-2-L-48h-03E1_S56_interleaved_Abundance-RPKs	WK007-2-L-48h-01I1_S52_interleaved_Abundance-RPKs	WK039-2-L-08h-03E8_S63_interleaved_Abundance-RPKs	WK059-2-G-48h-05H2_S117_interleaved_Abundance-RPKs	WK044-2-G-48h-04C2_S120_interleaved_Abundance-RPKs	WK069-1-L-48h-05C9_S79_interleaved_Abundance-RPKs	WK047-2-L-48h-03I5_S96_interleaved_Abundance-RPKs	WK052-2-L-48h-04E2_S9_interleaved_Abundance-RPKs	WK047-1-L-48h-03I3_S94_interleaved_Abundance-RPKs	WK018T-1-L-08h-05E8_S96_interleaved_Abundance-RPKs	WKMedia_2_L_48h_02H3_S4_interleaved_Abundance-RPKs	WK016-1-L-48h-02C8_S86_interleaved_Abundance-RPKs	WK031-1-L-08h-03B1_S29_interleaved_Abundance-RPKs	WK001-1-L-08h-01F1_S25_interleaved_Abundance-RPKs	WK012-1-L-48h-02B1_S70_interleaved_Abundance-RPKs	WK002-2-G-48h-01C5_S1_interleaved_Abundance-RPKs	WK059-2-L-08h-04H2_S36_interleaved_Abundance-RPKs	WK062-1-L-08h-04I3_S46_interleaved_Abundance-RPKs	WK065-2-L-48h-05B4_S65_interleaved_Abundance-RPKs	WK053-1-L-48h-04E4_S11_interleaved_Abundance-RPKs	WK049-2-L-08h-05A8_S60_interleaved_Abundance-RPKs	WK032-1-L-08h-03B5_S33_interleaved_Abundance-RPKs	WK002-2-G-48h-01C5_S2_interleaved_Abundance-RPKs	WK048-2-L-08h-03I8_S99_interleaved_Abundance-RPKs	WK009-2-L-08h-01I8_S59_interleaved_Abundance-RPKs	WK067-2-G-48h-05I2_S126_interleaved_Abundance-RPKs	WK068-1-L-08h-05C4_S74_interleaved_Abundance-RPKs	WK062-2-G-48h-05H5_S120_interleaved_Abundance-RPKs	WK034-1-L-48h-03C5_S42_interleaved_Abundance-RPKs	WK013-1-L-08h-02B4_S73_interleaved_Abundance-RPKs	WK030-2-L-08h-03A8_S27_interleaved_Abundance-RPKs	WK050-2-L-48h-04D1_S128_interleaved_Abundance-RPKs	WK007-2-G-48h-01D1_S7_interleaved_Abundance-RPKs	WK064-1-L-08h-05A2_S54_interleaved_Abundance-RPKs	WK038-2-G-48h-04B5_S114_interleaved_Abundance-RPKs	WK067-1-L-48h-05C1_S71_interleaved_Abundance-RPKs	WK014-2-L-08h-02C1_S79_interleaved_Abundance-RPKs	WK014-2-G-48h-01D8_S14_interleaved_Abundance-RPKs	WK069-2-L-48h-05D2_S81_interleaved_Abundance-RPKs	WK043-2-L-08h-03G6_S79_interleaved_Abundance-RPKs	WK041-1-L-08h-03F5_S69_interleaved_Abundance-RPKs	WK015-2-L-08h-02C5_S83_interleaved_Abundance-RPKs	WK058-1-L-08h-04G5_S30_interleaved_Abundance-RPKs	WK056-2-L-08h-04F8_S24_interleaved_Abundance-RPKs	WK042-2-L-08h-03G2_S75_interleaved_Abundance-RPKs	WK062-2-L-48h-04I6_S49_interleaved_Abundance-RPKs	WK038-2-L-08h-03E4_S59_interleaved_Abundance-RPKs	WK008-1-L-08h-01I2_S53_interleaved_Abundance-RPKs	WK018T-1-L-48h-05G2_S108_interleaved_Abundance-RPKs	WK054-2-L-48h-04F1_S17_interleaved_Abundance-RPKs	WK054-1-L-48h-04E8_S15_interleaved_Abundance-RPKs	WK062-1-L-48h-04I4_S47_interleaved_Abundance-RPKs	WK018T-1-L-16h-05F3_S100_interleaved_Abundance-RPKs	WK043-2-G-48h-04C1_S119_interleaved_Abundance-RPKs	WK051-2-L-08h-04D6_S4_interleaved_Abundance-RPKs	WK063-2-L-48h-05A1_S53_interleaved_Abundance-RPKs	WK002-1-L-08h-01F5_S29_interleaved_Abundance-RPKs	WK040-1-L-48h-03F2_S66_interleaved_Abundance-RPKs	WK005-2-L-48h-01H2_S44_interleaved_Abundance-RPKs	WK005-1-L-48h-01G9_S42_interleaved_Abundance-RPKs	WK018-1-L-48h-02D7_S94_interleaved_Abundance-RPKs	WK001T-2-L-08h-05E7_S95_interleaved_Abundance-RPKs	WK032-2-L-48h-03B8_S36_interleaved_Abundance-RPKs	WK018-2-L-48h-02D9_S96_interleaved_Abundance-RPKs	WK018T-2-L-02h-05E1_S89_interleaved_Abundance-RPKs	WK001T-2-L-00h-05D4_S83_interleaved_Abundance-RPKs	WK034-1-L-08h-03C4_S41_interleaved_Abundance-RPKs	WK053-1-L-08h-04E3_S10_interleaved_Abundance-RPKs	WK032-1-L-48h-03B6_S34_interleaved_Abundance-RPKs	WK046-1-L-08h-03H7_S89_interleaved_Abundance-RPKs	WK064-2-L-48h-05A5_S57_interleaved_Abundance-RPKs	WK031-1-L-48h-03B2_S30_interleaved_Abundance-RPKs	WK040-2-G-48h-04B7_S116_interleaved_Abundance-RPKs	WK037-2-L-08h-03D9_S55_interleaved_Abundance-RPKs	WK012-1-L-08h-02A9_S69_interleaved_Abundance-RPKs	WK035-1-L-08h-03C8_S45_interleaved_Abundance-RPKs	WK006-1-L-48h-01H4_S46_interleaved_Abundance-RPKs	WK036-2-G-48h-04B3_S112_interleaved_Abundance-RPKs	WK066-1-L-48h-05B6_S67_interleaved_Abundance-RPKs	WK049-1-L-48h-05A7_S59_interleaved_Abundance-RPKs	WK064-1-L-48h-05A3_S55_interleaved_Abundance-RPKs	WK040-2-L-48h-03F4_S68_interleaved_Abundance-RPKs	WK006-2-L-48h-01H6_S48_interleaved_Abundance-RPKs	WK008-2-L-48h-01I5_S56_interleaved_Abundance-RPKs	WK015-1-L-48h-02C4_S82_interleaved_Abundance-RPKs	WK037-1-L-08h-03D7_S53_interleaved_Abundance-RPKs	WK017-2-L-48h-02D5_S92_interleaved_Abundance-RPKs	WK019-2-G-48h-01E4_S19_interleaved_Abundance-RPKs	WK031-2-L-48h-03B4_S32_interleaved_Abundance-RPKs	WK052-2-G-48h-05G4_S110_interleaved_Abundance-RPKs	WK018T-2-L-08h-05E9_S97_interleaved_Abundance-RPKs	WK010-1-L-08h-02A1_S61_interleaved_Abundance-RPKs	WK016-2-L-48h-02D1_S88_interleaved_Abundance-RPKs	WK006-2-G-48h-01C9_S6_interleaved_Abundance-RPKs	WK017-1-L-48h-02D3_S90_interleaved_Abundance-RPKs	WK060-1-L-48h-04H5_S39_interleaved_Abundance-RPKs	WK001T-2-L-48h-05G1_S107_interleaved_Abundance-RPKs	WK060-2-G-48h-05H3_S118_interleaved_Abundance-RPKs	WK003-1-L-48h-01G1_S34_interleaved_Abundance-RPKs	WK011-2-L-48h-02A8_S68_interleaved_Abundance-RPKs	WK001-2-L-08h-01F3_S27_interleaved_Abundance-RPKs	WK061-1-L-48h-04H9_S43_interleaved_Abundance-RPKs	WKMedia_1_L_08h_05F6_S103_interleaved_Abundance-RPKs	WK009-1-L-08h-01I6_S57_interleaved_Abundance-RPKs	WK053-2-L-48h-04E6_S13_interleaved_Abundance-RPKs	WK001T-1-L-08h-05E6_S94_interleaved_Abundance-RPKs	WK044-2-L-08h-03H1_S83_interleaved_Abundance-RPKs	WK013-2-G-48h-01D7_S13_interleaved_Abundance-RPKs	WK051-2-G-48h-04D3_S1_interleaved_Abundance-RPKs	WK036-2-L-08h-03D5_S51_interleaved_Abundance-RPKs	WK009-2-L-48h-01I9_S60_interleaved_Abundance-RPKs	WK001T-1-L-00h-05D3_S82_interleaved_Abundance-RPKs	WK034-2-L-48h-03C7_S44_interleaved_Abundance-RPKs	WK018T-1-L-00h-05D5_S84_interleaved_Abundance-RPKs	WK067-2-L-48h-05C3_S73_interleaved_Abundance-RPKs	WK042-2-G-48h-04B9_S118_interleaved_Abundance-RPKs	WK047-2-G-48h-04C5_S123_interleaved_Abundance-RPKs	WKMedia_3_L_08h_02F5_S110_interleaved_Abundance-RPKs	WK035-2-L-08h-03D1_S47_interleaved_Abundance-RPKs	WK044-1-L-08h-03G8_S81_interleaved_Abundance-RPKs	WK057-2-L-08h-04G3_S28_interleaved_Abundance-RPKs	WK065-1-L-48h-05B2_S63_interleaved_Abundance-RPKs	WK019-1-L-08h-02E1_S97_interleaved_Abundance-RPKs	WK046-2-L-08h-03H9_S91_interleaved_Abundance-RPKs	WK055-1-L-08h-04F2_S18_interleaved_Abundance-RPKs	WK018T-2-L-48h-05G3_S109_interleaved_Abundance-RPKs	WK061-2-L-48h-04I2_S45_interleaved_Abundance-RPKs	WK011-1-L-08h-02A5_S65_interleaved_Abundance-RPKs	WK013-2-L-08h-02B6_S75_interleaved_Abundance-RPKs	WK002-2-L-08h-01F7_S31_interleaved_Abundance-RPKs	WK043-1-L-08h-03G4_S77_interleaved_Abundance-RPKs	WK054-2-G-48h-05G6_S112_interleaved_Abundance-RPKs	WKMedia_3_L_48h_02F6_S111_interleaved_Abundance-RPKs	WK045-2-L-08h-03H5_S87_interleaved_Abundance-RPKs	WK056-1-L-08h-04F6_S22_interleaved_Abundance-RPKs	WK010-2-G-48h-01D4_S10_interleaved_Abundance-RPKs	WK058-2-L-08h-04G7_S32_interleaved_Abundance-RPKs	WKMedia_3_L_00h_02F4_S109_interleaved_Abundance-RPKs
MGB037	111.14915	44.601150000000004	0.0	191.17038	254.79949999999997	25.925649999999997	109.04759999999999	117.6212	46.4593	48.098600000000005	279.907	48.652	109.8808	152.781	63.23995000000001	59.914	0.0	40.96825	0.0	45.616550000000004	23.259840000000004	19.249200000000002	44.6556	36.772949999999994	209.5355	98.67410000000001	34.95935	210.862385	229.43183499999998	15.56645	154.62	80.58865	43.40935	74.08259999999999	15.091380000000001	4.265855	0.0	122.06825	72.82169999999999	57.02025	140.86665	58.138400000000004	59.157650000000004	60.97085	294.2545	0.0	27.977050000000002	27.514850000000003	183.32911	108.62785	0.0	128.7945	66.1029	0.0	217.048875	241.912575	85.57255	30.261	0.0	138.37347499999998	103.47640000000001	0.0	146.8825	116.11118499999999	147.6185	144.8319	73.7798	54.18215000000001	78.1796	0.0	206.97395	135.5728	82.78725	157.64249999999998	36.28495	0.0	42.08265	67.21465	227.81849999999997	71.51859999999999	52.12465	73.02195	62.31895	49.377250000000004	156.22285	60.87525	232.17149999999998	248.96047499999997	104.1862	0.0	0.0	39.21685	13.281984999999999	180.12408000000002	40.009299999999996	13.73443	15.305250000000001	199.33959000000002	21.975499999999997	49.8146	20.1333	41.3094	0.0	0.0	103.499	4.930405	81.99715	332.80185	149.47644999999997	173.51179	70.06184999999999	125.489	92.22185	0.0	45.27245	48.90795	193.375	45.50875	0.0	101.5982	0.0	0.0	0.0	31.5466	180.916	33.45305	155.7346	41.95695	0.0	190.863965	106.2738	165.0905	186.34122000000002	21.30655	177.38785000000001	90.3937	66.58095	65.57245	0.0	56.227050000000006	215.52949999999998	159.68818000000002	88.7358	195.16700000000003	0.0	24.803449999999998	137.992	101.5924	105.0238	29.03405	51.4808	17.62315	189.78268000000003	91.85114999999999	29.220599999999997	24.766289999999998	182.76006	98.81845000000001	67.6773	77.13505	176.71378500000003	35.52375	72.63300000000001	117.5012	0.0	167.339175	58.375550000000004	74.88635000000001	0.0	138.89695	79.41235	0.0	58.33025	174.26345000000003	94.04865000000001	72.64155	21.16315	18.10119	61.293499999999995	8.428905	82.42495	79.5406	0.0	198.222185	185.38609	190.60249999999996	68.7417	189.72659000000002	27.9321	83.25425	167.0935	65.32665	69.81925	69.9238	179.82030500000002	26.760949999999998	63.600300000000004	29.636080000000003	92.5342	88.8638	85.3545	104.76625	126.85794999999999	38.40275	62.343450000000004	43.07025	162.60056500000002	0.0	31.91705	150.0475	130.9767	194.38260000000002	0.0	92.82495	34.7779	0.0	18.29585	0.0	66.53075	0.0	57.16985	22.64815	48.40495	191.9185	48.95795	51.663000000000004	236.88864999999998	162.2335	25.7589	12.1893	25.8101	237.315	30.06015	255.62649	200.26841	112.13770000000001	91.076	72.02155	68.7265	168.263	36.613150000000005	232.786035	55.512315	241.82999999999998	0.0	164.48295	96.41025	37.04845	20.640125	136.636	184.65855	28.71585	114.4551	0.0	0.0	57.12805	73.0728	0.0	134.6378	60.424949999999995	147.61215499999997	156.73237	119.99765	36.0557	17.023	67.6477	160.7462	7.971534999999999	135.2846	0.0	10.642140000000001	188.9383	191.0345	130.8887	34.39015	61.0158	0.0	6.299225	0.0	66.50775	0.0	80.67914999999999	0.0	164.00425	162.34973499999998	141.49200000000002	97.4474	196.98520000000002	223.86069	36.8684	83.3403	191.028395	132.66129999999998	45.40559999999999	92.2415	10.583515	0.0	127.8828	0.0	0.0	28.37265	40.99621	125.06015	61.0958	196.37621	73.5365	91.30755	69.2619	115.79594999999999	80.83725	158.63640999999998	33.908150000000006	0.0	139.9065	0.0	246.87050000000002	86.90195	45.54585	0.0	232.403305	105.28460000000001	38.24665	139.66625	14.902000000000001	0.0	273.49556	0.0	50.04555	147.20433500000001	0.0	76.1592	15.611049999999999	172.143735	159.22385	0.0
MGB015	0.0	2.13963	0.0	0.0	0.0	0.0	0.0	0.0	0.0	0.0	0.0	0.0	18.5738	0.0	0.0	0.0	0.0	0.0	0.0	0.0	0.0	0.0	0.0	0.0	0.0	0.0	0.0	0.0	0.0	0.0	69.5641	0.0	0.0	0.0	0.0	0.0	0.0	0.0	0.0	0.0	0.0	0.0	0.0	0.0	0.0	0.0	0.0	2.48693	0.0	0.0	169.327	0.0	0.0	0.0	0.0	0.0	0.0	0.0	0.0	0.0	0.0	0.0	0.0	0.0	0.0	0.0	1.84116	0.0	0.0	0.0	0.0	0.0	0.0	38.6089	0.0	214.722	0.0	0.0	0.0	0.0	81.187	0.0	0.0	0.0	0.0	15.9695	0.0	0.0	0.0	0.0	0.0	0.0	9.26448	0.0	0.0	0.0	0.0	0.0	0.0	0.0	0.0	0.0	0.0	0.0	0.0	0.0	10.2983	0.0	0.0	0.0	0.0	0.0	0.0	0.0	0.0	0.0	0.0	0.0	0.0	5.06938	0.0	12.5733	0.0	0.0	0.0	0.0	0.0	0.0	0.0	0.0	0.0	4.03522	0.0	0.0	0.0	0.0	0.0	0.0	0.0	0.0	0.0	0.0	0.0	1.73941	0.0	0.0	0.0	0.0	0.0	0.0	0.0	0.0	0.0	0.0	0.0	0.0	0.0	0.0	0.0	0.0	0.0	0.0	0.0	0.0	0.0	0.0	0.0	0.0	0.0	0.0	0.0	244.877	1.80257	0.0	0.0	99.6343	0.0	0.0	0.0	0.0	0.0	0.0	0.0	0.0	0.0	0.0	0.0	0.0	0.0	0.0	0.0	0.0	0.0	0.0	0.0	0.0	0.0	0.0	0.0	0.0	0.0	0.0	159.303	0.0	0.0	0.0	0.0	0.0	0.0	0.0	0.0	0.0	0.0	0.0	0.0	0.0	0.0	0.0	0.0	0.0	0.0	0.0	0.0	0.0	0.0	17.5979	0.0	0.0	0.0	0.0	0.0	0.0	0.0	0.0	0.0	147.585	0.0	0.0	0.0	3.29763	0.0	0.0	0.0	0.0	169.287	0.0	0.0	0.0	0.0	0.0	0.0	0.0	0.0	0.0	0.0	0.0	0.0	0.0	0.0	0.0	0.0	0.0	0.0	33.2738	0.0	0.0	0.0	0.0	0.0	0.0	0.0	0.0	0.0	0.0	0.0	7.572	0.0	0.0	0.0	0.0	49.627	0.0	0.0	0.0	0.0	0.0	0.0	0.0	0.0	0.0	0.0	0.0	0.0	0.0	0.0	0.0	0.0	0.0	0.0	0.0	0.0	0.0	0.0	0.0	0.0	0.0	0.0	0.0	0.0	9.52474	0.0	0.0	0.0	0.0	0.0	3.92771	0.0	0.0	8.85892	0.0	0.0	0.0	0.0	0.0	0.0	0.0	0.0	0.0	0.0	0.0	0.0	0.0	0.0	1.47027	0.0
MGB038	25.3821	0.0	0.0	0.0	101.353	0.0	38.014	0.0	2.71418	5.4678	134.917	0.0	0.0	0.0	0.0	0.0	0.0	0.0	0.0	0.0	0.0	0.0	46.0718	0.0	5.21677	0.0	0.0	0.0	5.64922	0.0	10.3606	0.0	4.01763	0.0	0.0	0.0	0.0	0.0	103.383	0.0	0.0	6.45536	2.98894	7.17855	24.0369	0.0	9.67366	5.69545	0.0	10.0123	0.0	0.0	13.7382	0.0	10.6924	2.17723	19.0607	0.0	32.9401	0.0	2.22959	0.0	0.0	0.0	0.0	0.0	0.0	0.0	0.0	1.88624	0.0	0.0	0.0	19.8071	0.0	0.0	0.0	388.763	115.729	10.4808	0.0	0.0	0.0	3.81104	0.0	0.0	2.08103	0.0	0.0	0.0	0.0	25.5209	0.0	0.0	9.91358	2.96738	0.0	10.4747	5.48665	0.0	3.16522	0.0	0.0	0.0	2.96505	1.87645	0.0	31.7364	0.0	0.0	70.4212	80.7784	2.54282	0.0	16.1095	0.0	14.7931	46.911	0.0	0.0	0.0	0.0	0.0	7.0995	0.0	0.0	70.8525	0.0	0.0	0.0	0.0	7.15827	0.0	2.92615	0.0	0.0	0.0	2.80864	0.0	1048.07	17.4534	0.0	0.0	0.0	25.8689	0.0	0.0	0.0	8.26321	0.0	0.0	0.0	0.0	0.0	0.0	0.0	0.0	0.0	0.0	17.04	0.0	0.0	0.0	0.0	18.1547	0.0	5.19972	0.0	0.0	2.13233	5.0553	0.0	0.0	8.71065	1500.1	7.5497	0.0	0.0	0.0	3.4053	4.7391	4.85902	0.0	3.03868	4.07053	83.1446	0.0	3.42237	0.0	0.0	0.0	13.8764	15.0149	0.0	0.0	11.8456	3.40109	9.4951	0.0	2.71108	3.17937	0.0	57.8036	8.12014	0.0	13.0713	0.0	0.0	0.0	11.3925	0.0	0.0	0.0	3.8406	12.5401	0.0	7.17267	0.0	1111.88	0.0	0.0	0.0	0.0	11.8214	0.0	9.7949	6.88039	0.0	0.0	0.0	0.0	9.66863	0.0	2.31421	2.65233	52.0511	0.0	0.0	0.0	22.1063	0.0	0.0	29.5656	8.53009	0.0	0.0	0.0	0.0	8.71139	0.0	0.0	0.0	3.96585	0.0	43.0146	3.62682	4.0393	0.0	4.52011	1066.43	0.0	0.0	1.44425	2.80534	1.52394	1276.28	133.552	0.0	70.4703	0.0	0.0	0.0	22.6856	0.0	0.0	0.0	0.0	0.0	27.8853	0.0	0.0	0.0	7.14383	0.841978	0.0	69.4723	0.0	0.0	8.09456	0.0	0.0	0.0	216.98	8.08113	21.0185	4.41216	0.0	5.9849	15.4726	0.0	3.24173	25.6238	3.62959	0.0	8.05666	0.0	5.87875	46.3057	1.8306	6.20211	0.0	0.0	0.0	0.0	0.0	112.636	0.0	3.45827	0.0	0.0	26.8743	20.5959	0.0	14.6522	0.0	2.84048	0.0	0.0	0.0	0.0	5.2908	0.0	0.0	6.46034	0.0
MGB039	0.0	0.0	0.0	0.0	0.0	0.0	0.0	0.0	0.0	0.0	0.0	0.0	0.0	0.0	0.0	0.0	0.0	0.0	0.0	0.0	0.0	0.0	0.0	0.0	0.0	0.0	0.0	0.0	0.0	0.0	25.5329	0.0	0.0	0.0	0.0	0.0	0.0	0.0	0.0	0.0	0.0	0.0	0.0	0.0	0.0	0.0	0.0	0.0	0.0	0.0	0.0	0.0	0.0	0.0	0.0	0.0	0.0	0.0	0.0	0.0	0.0	0.0	0.0	0.0	0.0	0.0	0.0	0.0	0.0	0.0	0.0	0.0	0.0	3.71229	0.0	0.0	0.0	0.0	0.0	0.0	50.5473	0.0	0.0	0.0	0.0	0.0	0.0	0.0	0.0	0.0	0.0	0.0	0.0	0.0	0.0	0.0	0.0	0.0	0.0	0.0	0.0	0.0	0.0	0.0	0.0	0.0	3.0949	0.0	0.0	0.0	0.0	0.0	0.0	0.0	0.0	0.0	0.0	0.0	0.0	0.0	0.0	0.0	0.0	0.0	0.0	0.0	0.0	0.0	0.0	0.0	0.0	0.0	0.0	0.0	0.0	0.0	0.0	0.0	0.0	0.0	0.0	0.0	0.0	0.0	0.0	0.0	0.0	0.0	0.0	0.0	0.0	0.0	0.0	0.0	0.0	0.0	0.0	0.0	0.0	0.0	0.0	0.0	0.0	0.0	0.0	0.0	0.0	0.0	0.0	0.0	0.0	0.0	0.0	0.0	0.0	88.7769	0.0	0.0	0.0	0.0	0.0	0.0	0.0	0.0	0.0	0.0	0.0	0.0	0.0	0.0	0.0	0.0	0.0	0.0	0.0	0.0	0.0	0.0	0.0	0.0	0.0	0.0	53.2874	0.0	0.0	0.0	0.0	0.0	0.0	0.0	0.0	0.0	0.0	0.0	0.0	0.0	0.0	0.0	0.0	0.0	0.0	0.0	0.0	0.0	0.0	0.0	0.0	0.0	0.0	0.0	0.0	0.0	0.0	0.0	0.0	83.3939	0.0	0.0	0.0	0.0	0.0	0.0	0.0	0.0	0.0	0.0	0.0	0.0	0.0	0.0	0.0	0.0	0.0	0.0	0.0	0.0	0.0	0.0	0.0	0.0	0.0	0.0	0.0	0.0	0.0	0.0	0.0	0.0	0.0	0.0	0.0	0.0	0.0	0.0	0.0	0.0	0.0	0.0	0.0	0.0	0.0	0.0	0.0	0.0	0.0	0.0	0.0	0.0	0.0	0.0	0.0	0.0	0.0	0.0	0.0	0.0	0.0	0.0	0.0	0.0	0.0	0.0	0.0	0.0	0.0	0.0	0.0	0.0	0.0	0.0	0.0	0.0	0.0	0.0	0.0	0.0	0.0	0.0	0.0	0.0	0.0	0.0	0.0	0.0	0.0	0.0	0.0	0.0	0.0	0.0	0.0	0.0	0.0	0.0	0.0
MGB018	41.5534	21.0783	0.0	3.33956	93.2285	11.4587	23.7547	56.4305	22.2978	17.3848	72.1493	14.3198	34.2569	80.0174	18.5862	26.6687	0.0	13.3104	0.0	13.124	21.9631	12.9649	6.86038	25.8458	112.79	38.5903	16.1735	2.79405	3.58783	4.31049	88.8687	8.42743	8.17848	31.5856	0.0	0.0	0.0	7.18469	24.8349	19.933	68.5929	6.57391	28.4409	22.9717	55.9188	0.0	12.6824	15.6041	0.0	66.1669	0.0	50.8027	13.827	0.0	3.49154	2.13793	36.6178	7.8041	0.0	0.0	47.8299	0.0	62.6215	3.38725	70.4063	78.3103	33.9644	12.2479	44.0519	0.0	0.0	46.4601	35.5315	88.9729	17.8925	0.0	8.57305	29.2344	55.1559	9.43517	29.788	27.2245	22.0426	23.2737	62.4137	17.7397	96.3722	3.17	36.14	0.0	0.0	6.83619	3.28965	4.20234	9.45281	6.00557	2.82734	0.0	7.70329	20.116	16.5822	17.9647	0.0	0.0	47.7502	2.83227	25.5461	39.9126	5.12379	4.88589	14.3245	34.999	4.33567	0.0	5.29837	13.1953	73.3794	1.86406	0.0	47.4765	0.0	0.0	0.0	17.3741	5.09971	11.1551	82.1844	17.3415	0.0	0.0	56.096	66.068	4.51241	8.94392	4.03246	45.8209	30.7375	21.8008	0.0	25.9092	118.495	2.53791	41.042	37.1159	0.0	11.1652	2.86142	46.1977	46.3154	18.2367	17.9398	9.96015	4.79487	30.1679	11.4449	0.0	2.61856	37.6859	24.8958	26.0408	1.69482	18.3484	34.7869	46.2962	0.0	2.98019	30.6912	16.272	0.0	64.9299	19.3764	0.0	23.4742	54.0364	33.8145	40.9938	9.60208	0.0	45.5868	0.0	25.8891	27.5061	0.0	2.00467	3.97783	80.0613	29.984	1.86679	10.9124	39.4375	99.298	20.3168	30.8539	15.263	1.69042	5.69008	20.8196	0.0	22.0682	46.183	37.9727	49.1944	35.2217	15.5105	26.591	14.9167	6.48755	0.0	17.3469	65.0126	18.4577	4.39236	0.0	40.599	14.6011	0.0	9.87178	0.0	37.3361	0.0	20.3982	13.2806	26.4564	107.928	22.6187	4.74858	6.14095	103.454	12.132	7.82118	14.4989	99.6762	11.4974	2.62555	6.44799	35.2174	6.92038	42.4862	23.4508	80.1405	20.5452	2.21903	2.3266	106.483	0.0	3.88516	9.47665	11.5552	1.9915	6.85671	13.8286	12.8182	38.6039	0.0	0.0	12.1611	27.4723	0.0	47.2606	21.941	0.0	3.27081	60.5348	7.11024	9.67328	27.0476	36.8984	0.0	14.7686	0.0	4.61904	0.0	88.3113	4.24384	10.8577	26.3728	0.0	0.0	0.0	9.66633	0.0	16.9553	0.0	0.0	0.0	22.3079	59.0277	7.1597	0.0	20.2014	37.3106	0.0	49.2355	15.9487	45.3217	0.0	0.0	13.832	0.0	0.0	9.96921	2.5418	64.5402	26.4789	6.52272	21.1824	39.0307	7.70049	49.7208	3.78887	3.21409	9.19542	0.0	54.1303	0.0	55.2899	43.723	30.8281	0.0	0.0	42.5541	26.2593	3.95973	1.91595	0.0	0.973071	0.0	8.11611	4.6354	0.0	35.4136	5.8178	6.24431	73.7161	0.0
MGB033	63.7629	38.5708	0.0	450.009	142.69	41.1587	97.2972	68.8799	38.2101	36.1184	159.369	33.3839	214.395	93.4467	80.2529	85.0379	0.0	65.042	0.0	51.5793	39.4063	0.0	55.5686	25.4506	150.15	77.3133	22.5065	545.586	505.544	0.0	101.781	66.5408	82.2799	73.1757	19.413	0.0	11.2995	213.37	41.2196	55.8056	100.171	107.102	62.9064	71.0419	132.146	260.798	32.6291	23.1007	430.127	77.8909	0.0	0.0	62.4117	0.0	523.93	562.882	52.8343	32.9144	31.2368	520.79	130.011	0.0	97.3434	370.738	94.3802	90.1099	0.0	96.93	0.0	487.225	647.952	79.2951	76.477	92.3482	60.0541	0.0	88.8226	55.3637	116.081	40.444	85.6613	41.6728	40.2385	416.835	83.5278	98.0439	153.918	600.23	64.4514	0.0	0.0	44.4513	43.0226	518.058	26.8585	14.283	23.2942	380.58	29.3236	0.0	51.8194	32.8154	0.0	6.6542	132.897	0.0	54.1168	225.673	489.774	601.271	718.321	531.17	133.199	491.462	24.9664	115.996	118.446	34.981	0.0	81.9953	0.0	0.0	252.234	52.4003	378.608	67.3627	100.907	69.7877	0.0	489.349	63.2592	115.804	409.716	10.3776	343.427	61.9507	46.8643	216.327	0.0	139.669	167.754	573.8	166.589	285.176	19.3379	67.3349	422.736	79.6091	85.8775	35.1026	67.3676	68.9421	565.178	51.2054	0.0	38.2227	596.818	106.367	52.5688	32.6555	533.232	39.1681	79.4104	482.053	70.1125	545.358	459.767	99.3455	0.0	105.039	71.2434	0.0	61.2864	116.16	96.1217	71.6812	96.5609	44.9356	90.3051	26.4406	80.6448	47.1639	0.0	448.696	447.005	108.495	48.9012	519.879	22.0567	109.865	99.1872	84.9852	61.5217	25.9623	604.197	61.6106	0.0	49.0453	68.295	0.0	70.9888	64.8124	115.367	472.787	79.2108	544.462	523.429	0.0	30.9496	107.417	95.7098	430.617	263.965	61.3827	40.6055	0.0	48.2372	0.0	134.026	276.056	39.4033	38.8478	34.9665	129.82	33.0393	66.6388	541.163	93.8322	25.9613	68.0223	23.9438	145.968	0.0	648.562	466.807	96.4896	153.783	61.6654	125.92	121.298	50.151	554.352	47.1853	142.454	0.0	502.352	199.718	47.7784	0.0	494.256	381.405	19.591	89.7462	0.0	38.5702	161.613	209.4	288.255	95.2834	141.838	463.175	542.264	112.102	89.2566	33.6473	180.074	401.743	0.0	137.037	0.0	0.0	456.738	128.463	114.83	76.5506	45.6839	0.0	0.0	16.3138	69.0997	0.0	87.063	76.418	433.265	477.808	124.588	0.0	641.219	607.749	56.1822	60.0224	586.748	113.963	46.2273	58.9258	29.5615	0.0	98.1986	0.0	0.0	26.9612	44.371	105.772	0.0	432.596	46.7466	60.0022	57.3467	133.817	131.035	548.114	0.0	401.917	201.523	0.0	105.845	0.0	31.0489	0.0	568.776	576.97	35.9868	521.852	18.1386	0.0	638.555	163.902	71.6066	374.23	0.0	48.7923	30.554	478.085	111.724	0.0
MGB056	0.0	0.0	0.0	0.0	0.0	0.0	0.0	0.0	0.0	15.233	0.0	0.0	0.0	0.0	0.0	0.0	0.0	0.0	0.0	0.0	0.0	0.0	0.0	0.0	0.0	0.0	0.0	0.0	0.0	0.0	0.0	33.8739	0.0	0.0	0.0	0.0	0.0	0.0	0.0	0.0	0.0	27.7801	0.0	0.0	0.0	0.0	0.0	0.0	0.0	0.0	0.0	0.0	40.6748	0.0	0.0	0.0	3.96421	0.0	0.0	0.0	0.0	0.0	0.0	24.1407	0.0	0.0	0.0	0.0	0.0	0.0	0.0	0.0	0.0	0.0	0.0	0.0	0.0	0.0	0.0	0.0	0.0	0.0	0.0	0.0	0.0	0.0	0.0	0.0	0.0	0.0	0.0	0.0	0.0	0.0	0.0	0.0	0.0	0.0	0.0	0.0	0.0	0.0	0.0	0.0	0.0	0.0	0.0	0.0	0.0	0.0	13.9409	0.0	0.0	0.0	0.0	0.0	0.0	0.0	0.0	0.0	0.0	0.0	0.0	0.0	0.0	0.0	0.0	0.0	0.0	0.0	0.0	0.0	0.0	0.0	0.0	0.0	0.0	0.0	0.0	0.0	0.0	0.0	0.0	0.0	0.0	0.0	0.0	0.0	0.0	18.2776	0.0	0.0	0.0	0.0	0.0	0.0	0.0	0.0	0.0	0.0	0.0	15.8313	0.0	0.0	0.0	0.0	0.0	0.0	0.0	0.0	0.0	0.0	0.0	0.0	0.0	0.0	0.0	0.0	0.0	0.0	0.0	0.0	0.0	0.0	0.0	0.0	0.0	0.0	0.0	0.0	0.0	0.0	15.4272	0.0	0.0	0.0	0.0	0.0	0.0	0.0	0.0	0.0	0.0	0.0	0.0	0.0	0.0	0.0	0.0	0.0	0.0	0.0	0.0	0.0	0.0	0.0	0.0	0.0	0.0	0.0	0.0	0.0	0.0	0.0	0.0	0.0	0.0	0.0	0.0	0.0	27.7282	0.0	0.0	0.0	0.0	0.0	0.0	0.0	0.0	0.0	0.0	0.0	10.9895	0.0	0.0	0.0	0.0	0.0	5.13962	0.0	0.0	0.0	0.0	0.0	0.0	0.0	0.0	60.1247	0.0	34.8426	0.0	0.0	0.0	0.0	0.0	51.9132	0.0	25.049	0.0	0.0	0.0	0.0	0.0	8.2968	0.0	0.0	0.0	31.6999	0.0	8.55163	0.0	0.0	0.0	0.0	0.0	0.0	0.0	0.0	0.0	0.0	0.0	0.0	0.0	0.0	0.0	54.6921	0.0	0.0	0.0	0.0	0.0	0.0	0.0	0.0	0.0	0.0	0.0	0.0	0.0	6.30272	0.0	0.0	0.0	0.0	0.0	0.0	0.0	0.0	0.0	0.0	0.0	0.0	0.0	0.0	0.0	0.0	0.0	0.0	0.0	0.0	0.0	0.0	0.0	0.0	0.0
MGB035	211.524	130.873	0.0	421.98	410.568	60.2854	186.428	220.866	111.083	84.6508	378.371	93.138	307.958	292.76	206.146	102.378	0.0	130.704	0.0	116.573	80.5477	42.1712	128.846	77.3942	397.585	192.922	76.4325	482.757	485.997	43.4812	329.805	98.5731	57.7462	124.028	26.4537	9.89094	0.0	282.915	217.939	69.5446	228.413	168.771	105.867	110.434	458.135	0.0	50.6227	65.4717	421.275	239.02	0.0	255.629	83.5236	0.0	414.166	495.527	164.655	60.331	0.0	459.088	178.596	0.0	298.063	296.973	282.297	240.308	141.409	117.784	315.523	0.0	536.917	239.759	164.705	296.708	81.254	0.0	68.2793	375.41	370.456	100.246	137.32	146.0	123.059	108.522	253.642	122.369	479.952	489.665	222.647	0.0	0.0	62.209	49.6836	532.458	85.2911	37.9198	15.5048	379.868	52.11	88.4649	83.2892	76.8672	0.0	22.6038	184.233	7.67803	155.486	419.928	468.201	477.277	103.003	206.387	221.521	498.447	98.7043	95.0141	352.048	87.2348	92.3657	206.216	0.0	0.0	235.686	64.6607	403.177	70.4152	318.92	86.7979	0.0	500.979	193.371	354.039	400.304	37.5587	379.745	179.269	129.201	93.5557	0.0	130.31	395.577	507.467	174.777	474.783	32.6238	39.4506	371.151	195.174	189.605	65.2572	95.2814	43.1319	587.473	147.487	59.8609	104.089	493.443	193.187	107.747	135.273	524.189	96.0398	153.684	210.572	29.1918	425.382	113.115	176.132	0.0	260.862	103.696	0.0	152.354	241.72	179.686	199.329	47.7602	78.2436	265.923	16.2865	155.702	134.088	0.0	433.092	455.686	343.534	146.128	441.398	51.8725	184.856	298.269	141.962	146.445	100.985	572.193	31.0564	122.983	39.317	135.803	165.287	145.069	194.598	256.532	74.744	211.576	70.6374	457.603	0.0	123.84	316.138	166.886	466.699	0.0	201.902	54.9705	0.0	64.149	0.0	136.891	0.0	118.849	37.4121	94.5158	332.793	95.3031	86.4622	499.472	265.608	27.1835	37.7375	54.162	459.486	49.8062	534.236	452.14	287.876	203.009	172.825	140.71	339.239	75.1408	475.899	62.3395	436.854	0.0	492.99	237.495	89.4209	40.5907	454.145	442.828	60.9106	182.269	0.0	0.0	86.7364	136.402	280.03	239.142	114.69	466.183	497.899	193.142	93.0605	87.146	121.195	263.627	0.0	200.38	0.0	11.6938	401.129	343.466	89.6514	85.7742	123.304	308.113	16.8665	0.0	85.13	0.0	134.654	7.01858	471.724	0.0	195.676	335.44	543.755	521.248	104.697	159.392	554.232	306.457	86.4681	191.726	32.8764	0.0	131.742	25.866	0.0	58.9243	44.4401	225.649	134.275	426.778	170.694	197.499	74.3958	184.772	146.387	494.505	49.6959	0.0	254.168	0.0	383.272	173.523	112.771	0.0	518.255	201.725	77.0111	479.471	20.464	0.0	526.922	196.443	99.9797	348.723	0.0	154.275	34.3894	480.832	344.846	0.0
MGB036	172.711	83.3804	0.0	485.813	241.884	68.3552	277.568	181.184	214.443	395.113	271.51	408.876	230.857	174.968	428.253	128.219	409.333	131.192	0.0	133.554	93.9997	966.561	670.292	34.9119	178.806	158.401	500.518	520.79	533.664	31.4899	215.722	439.411	364.33	178.254	219.909	851.346	885.21	322.095	478.765	622.072	204.925	551.442	156.278	153.088	340.84	236.812	601.899	92.9664	632.718	148.163	598.684	80.4183	490.84	842.858	508.372	569.693	263.6	450.035	593.417	363.076	184.845	115.186	182.643	389.293	215.215	282.59	58.8126	107.55	207.709	462.623	533.454	187.936	146.31	135.452	113.12	530.009	172.417	104.524	261.9	807.73	43.15	251.801	535.554	420.242	106.609	174.414	168.054	615.384	116.711	338.894	0.0	673.793	96.7674	371.09	63.5994	46.198	217.336	634.041	84.9876	41.1717	93.4882	64.0322	187.422	18.6746	272.014	809.138	61.791	418.229	352.159	417.478	825.163	566.478	237.637	495.458	82.3202	180.634	157.023	106.393	170.254	111.373	12.345	30.3881	357.443	216.368	380.09	359.326	158.899	119.818	0.0	484.118	96.5163	137.722	632.277	117.045	420.278	137.1	143.796	291.262	170.877	241.371	169.221	383.402	257.972	321.25	462.518	114.487	354.08	162.76	422.161	270.17	199.005	116.767	435.052	386.519	1005.71	88.0689	414.075	193.198	92.8119	556.209	438.81	333.843	169.799	542.997	153.248	426.771	461.219	495.904	0.0	206.823	181.49	447.788	71.7691	236.123	166.635	263.589	147.139	107.113	229.349	835.209	203.471	343.698	0.0	558.85	541.718	216.394	242.596	559.192	135.535	195.211	157.911	425.681	429.247	311.04	389.036	294.063	322.999	136.09	177.084	81.7874	126.73	92.0703	265.236	615.63	453.054	578.4	421.682	0.0	98.8246	370.533	276.25	459.309	266.505	151.867	236.47	64.9746	112.079	55.668	221.103	285.457	172.558	718.471	652.179	144.504	63.8611	135.953	596.081	139.92	545.667	85.8712	463.191	207.664	888.407	598.734	504.025	315.134	198.682	159.342	194.974	189.392	424.333	538.838	623.306	169.077	592.669	368.631	619.481	680.112	586.065	328.855	391.206	114.745	221.698	47.2713	612.089	463.234	307.651	364.761	235.536	324.933	431.848	360.231	202.661	164.831	85.3891	241.13	480.556	426.249	608.421	104.433	111.791	484.068	180.386	458.126	131.985	57.2708	381.077	538.683	649.543	412.542	766.692	158.68	138.753	427.579	367.37	526.052	201.315	411.194	615.907	110.425	114.769	472.587	162.148	689.248	116.674	190.229	800.407	374.531	47.0631	0.0	628.633	169.284	263.284	108.517	454.74	115.236	258.309	709.933	226.021	169.523	356.667	696.688	441.365	269.035	0.0	232.405	105.677	54.6839	65.3453	605.428	551.694	490.14	350.328	53.2876	482.707	641.847	240.806	128.367	344.81	0.0	213.913	775.44	463.976	218.619	0.0
MGB052	0.0	0.0	0.0	0.0	0.0	0.0	0.0	0.0	0.0	0.0	0.0	0.0	0.0	0.0	0.0	0.0	0.0	0.0	0.0	0.0	0.0	0.0	0.0	0.0	0.0	0.0	0.0	0.0	0.0	0.0	57.0062	0.0	0.0	0.0	0.0	0.0	0.0	0.0	0.0	0.0	0.0	0.0	0.0	0.0	0.0	0.0	0.0	0.0	0.0	0.0	0.0	0.0	0.0	0.0	0.0	0.0	0.0	0.0	0.0	0.0	0.0	0.0	0.0	0.0	0.0	0.0	0.0	0.0	0.0	0.0	0.0	0.0	0.0	43.3559	0.0	0.0	0.0	0.0	0.0	0.0	0.0	0.0	0.0	0.0	0.0	0.0	0.0	0.0	0.0	0.0	0.0	0.0	0.0	0.0	0.0	0.0	0.0	0.0	0.0	0.0	0.0	0.0	0.0	0.0	0.0	0.0	0.0	0.0	0.0	0.0	0.0	0.0	0.0	0.0	0.0	0.0	0.0	0.0	0.0	0.0	0.0	0.0	0.0	0.0	0.0	0.0	0.0	0.0	0.0	0.0	0.0	0.0	0.0	0.0	0.0	0.0	0.0	0.0	0.0	0.0	0.0	0.0	0.0	0.0	0.0	0.0	0.0	0.0	0.0	0.0	0.0	0.0	0.0	0.0	0.0	0.0	0.0	0.0	0.0	0.0	0.0	0.0	0.0	0.0	0.0	0.0	0.0	0.0	0.0	0.0	0.0	0.0	0.0	0.0	0.0	116.733	0.0	0.0	0.0	0.0	0.0	0.0	0.0	0.0	0.0	0.0	0.0	0.0	0.0	0.0	0.0	0.0	0.0	0.0	0.0	0.0	0.0	0.0	0.0	0.0	0.0	0.0	170.171	0.0	0.0	0.0	0.0	0.0	0.0	0.0	0.0	0.0	0.0	0.0	0.0	0.0	0.0	0.0	0.0	0.0	0.0	0.0	0.0	0.0	0.0	0.0	0.0	0.0	0.0	0.0	0.0	0.0	0.0	0.0	0.0	100.377	0.0	0.0	0.0	0.0	0.0	0.0	0.0	0.0	0.0	0.0	0.0	0.0	0.0	0.0	0.0	0.0	0.0	0.0	0.0	0.0	0.0	0.0	0.0	0.0	0.0	0.0	0.0	0.0	0.0	0.0	0.0	0.0	0.0	0.0	0.0	0.0	0.0	0.0	0.0	0.0	0.0	0.0	0.0	0.0	0.0	0.0	0.0	0.0	0.0	0.0	0.0	0.0	0.0	0.0	0.0	0.0	0.0	0.0	0.0	0.0	0.0	0.0	0.0	0.0	0.0	0.0	0.0	0.0	0.0	0.0	0.0	0.0	0.0	0.0	0.0	0.0	0.0	0.0	0.0	0.0	0.0	0.0	2.54112	0.0	0.0	0.0	0.0	0.0	0.0	0.0	0.0	0.0	0.0	0.0	0.0	0.0	0.0	0.0	0.0
MGB031	0.0	13.5359	0.0	0.0	0.0	0.0	0.0	0.0	0.0	0.0	0.0	0.0	0.0	0.0	0.0	0.0	0.0	0.0	0.0	0.0	0.0	0.0	0.0	0.0	0.0	0.0	0.0	0.0	0.0	0.0	23.2651	0.0	0.0	0.0	0.0	0.0	0.0	0.0	0.0	0.0	0.0	0.0	0.0	0.0	0.0	0.0	0.0	19.3026	0.0	0.0	195.24	0.0	0.0	0.0	0.0	0.0	0.0	0.0	0.0	0.0	0.0	0.0	0.0	0.0	0.0	0.0	2.3996	0.0	0.0	0.0	0.0	0.0	0.0	6.39192	0.0	323.037	0.0	0.0	0.0	0.0	136.555	0.0	0.0	0.0	0.0	0.0	0.0	0.0	0.0	0.0	0.0	0.0	0.0	0.0	0.0	0.0	0.0	0.0	0.0	0.0	0.0	0.0	0.0	0.0	0.0	0.0	6.56933	0.0	0.0	0.0	0.0	0.0	0.0	0.0	0.0	0.0	0.0	0.0	0.0	0.0	0.0	0.0	0.0	0.0	0.0	0.0	0.0	0.0	0.0	0.0	0.0	0.0	0.0	0.0	0.0	0.0	0.0	0.0	0.0	0.0	0.0	0.0	0.0	0.0	0.0	0.0	0.0	0.0	0.0	0.0	0.0	0.0	0.0	0.0	0.0	0.0	0.0	0.0	0.0	0.0	0.0	0.0	0.0	0.0	0.0	0.0	0.0	0.0	0.0	0.0	0.0	369.918	3.32398	0.0	0.0	55.9387	0.0	0.0	0.0	0.0	0.0	0.0	0.0	0.0	0.0	0.0	0.0	0.0	0.0	0.0	0.0	0.0	0.0	0.0	0.0	0.0	0.0	0.0	0.0	0.0	0.0	0.0	44.1567	0.0	0.0	0.0	0.0	0.0	0.0	0.0	0.0	0.0	0.0	0.0	0.0	0.0	0.0	0.0	0.0	0.0	0.0	0.0	0.0	0.0	0.0	0.0	0.0	0.0	0.0	0.0	0.0	0.0	0.0	0.0	0.0	73.2504	0.0	0.0	0.0	0.0	0.0	0.0	0.0	0.0	372.08	0.0	0.0	0.0	0.0	0.0	0.0	0.0	0.0	0.0	0.0	0.0	0.0	2.54321	0.0	0.0	0.0	0.0	0.0	0.0	0.0	0.0	0.0	0.0	0.0	0.0	0.0	0.0	0.0	0.0	0.0	6.35212	0.0	0.0	0.0	0.0	71.9262	0.0	0.0	0.0	0.0	0.0	0.0	0.0	0.0	0.0	0.0	0.0	0.0	0.0	0.0	116.372	0.0	0.0	0.0	0.0	0.0	0.0	0.0	0.0	0.0	0.0	0.0	0.0	0.0	0.0	0.0	0.0	0.0	0.0	0.0	0.0	0.0	0.0	0.0	0.0	0.0	0.0	0.0	0.0	0.0	0.0	0.0	0.0	0.0	0.0	0.0	0.0	0.0	0.0	0.0
MGB010	12.5808	3.08444	0.0	0.0	6.90439	0.0	7.17885	0.0	0.0	0.0	7.93886	0.0	0.0	0.0	0.0	0.0	0.0	14.843	0.0	8.13142	18.1695	0.0	0.0	0.0	22.1403	0.0	0.0	0.0	0.0	0.0	0.0	0.0	0.0	0.0	0.0	0.0	0.0	6.25238	0.0	0.0	0.0	0.0	0.0	0.0	0.0	0.0	0.0	0.0	0.0	4.17349	0.0	0.0	0.0	0.0	0.0	0.0	0.0	0.0	0.0	0.0	0.0	0.0	0.0	0.0	0.0	0.0	0.0	0.0	5.76536	0.0	0.0	0.0	0.0	0.0	0.0	0.0	0.0	0.0	0.0	0.0	0.0	0.0	0.0	0.0	0.0	0.0	0.0	0.0	0.0	0.0	0.0	0.0	0.0	0.0	15.662	0.0	0.0	0.0	0.0	0.0	0.0	0.0	0.0	0.0	0.0	0.0	0.0	0.0	0.0	0.0	0.0	0.0	0.0	0.0	19.8441	0.0	0.0	9.96494	0.0	0.0	0.0	0.0	0.0	0.0	0.0	0.0	0.0	0.0	0.0	0.0	0.0	0.0	0.0	0.0	0.0	0.0	3.9904	0.0	0.0	2.62093	3.51395	0.0	0.0	0.0	0.0	0.0	0.0	0.0	0.0	0.0	0.0	0.0	0.0	0.0	0.0	22.1835	0.0	0.0	0.0	0.0	0.0	0.0	0.0	0.0	0.0	0.0	0.0	0.0	0.0	0.0	0.0	0.0	0.0	0.0	0.0	0.0	0.0	10.3659	6.68129	0.0	0.0	0.0	0.0	0.0	0.0	0.0	0.0	0.0	0.0	0.0	0.0	0.0	0.0	0.0	0.0	0.0	0.0	0.0	22.273	0.0	0.0	0.0	0.0	0.0	0.0	0.0	0.0	0.0	23.5662	0.0	0.0	0.0	0.0	5.77411	0.0	0.0	6.24435	0.0	0.0	0.0	0.0	0.0	0.0	1.43913	0.0	0.0	0.0	0.0	0.0	0.0	0.0	0.0	0.0	0.0	0.0	0.0	0.0	0.0	0.0	0.0	0.0	0.0	0.0	0.0	0.0	0.0	0.0	0.0	0.0	0.0	0.0	0.0	0.0	0.0	0.0	0.0	0.0	0.0	0.0	15.1467	0.0	0.0	0.0	0.0	0.0	29.383	0.0	0.0	0.0	0.0	0.0	0.0	0.0	6.75337	0.0	0.0	0.0	0.0	0.0	0.0	0.0	0.0	0.0	0.0	0.0	0.0	0.0	0.0	0.0	13.7811	0.0	0.0	0.0	0.0	0.0	0.0	0.0	0.0	0.0	0.0	0.0	0.0	0.0	0.0	0.0	0.0	0.0	0.0	0.0	0.0	0.0	0.0	0.0	0.0	0.0	0.0	0.0	7.29466	0.0	0.0	0.0	0.0	0.0	0.0	0.0	0.0	0.0	0.0	0.0	0.0	0.0	0.0	0.0	0.0	0.0
MGB032	0.0	0.963755	0.0	449.12199999999996	0.0	0.0	0.0	0.0	12.35305	1.92353	0.0	0.0	142.5135	0.0	3.33374	0.0	0.0	0.0	0.0	0.0	0.0	0.0	62.68925	0.0	0.0	0.0	0.0	465.19050000000004	470.945	0.0	31.463900000000002	0.0	0.0	0.0	0.0	0.0	0.0	194.439	3.0059899999999997	0.0	0.0	65.43805	0.0	1.734125	0.0	216.002	0.0	0.0	407.82899999999995	0.0	228.22699999999998	0.0	0.0	0.0	505.3515	578.1805	4.506895	0.0	18.33485	392.20050000000003	0.0	0.0	0.0	273.5575	0.0	8.55085	0.0	46.42315	0.0	423.499	550.155	0.0	0.0	4.20873	0.0	354.26750000000004	0.0	0.0	1.106965	0.0	55.396	6.06945	6.435575	0.0	0.0	37.3477	0.0	623.9304999999999	14.1138	0.0	0.0	0.0	22.6069	383.7735	0.0	0.0	0.0	363.481	0.0	0.0	0.0	0.0	0.0	0.0	0.0	0.0	1.5176	0.0	376.7875	458.0115	1.21344	6.0251	94.81715	407.8395	0.0	0.0	0.0	0.0	5.081215	3.1871799999999997	0.90103	1.020135	214.019	0.0	383.62699999999995	0.0	0.0	1.460885	0.0	370.8825	66.512	1.995285	420.202	0.0	315.7565	0.0	0.0	0.0	0.0	0.77649	0.0	414.0125	0.0	270.3515	4.702845	0.0	336.655	0.0	0.0	3.561755	0.0	0.0	412.42	6.036	0.0	0.0	459.408	0.0	0.0	0.0	428.33799999999997	2.21236	0.0	0.0	19.80065	441.932	0.0	83.15129999999999	0.0	0.0	1.459495	407.77750000000003	0.0	0.0	0.0	76.51724999999999	0.0	0.0	0.0	0.0	14.808615	0.0	0.0	389.27149999999995	395.243	0.0	9.6028	396.3945	1.584165	0.0	22.08385	12.493995	5.95565	27.76675	435.9755	0.0	15.45155	8.87625	0.0	0.0	0.0	0.0	53.67245	0.0	1.529795	0.0	459.769	0.0	0.0	0.0	0.0	414.224	227.18349999999998	0.0	0.61209	0.0	0.0	0.0	0.0	248.26999999999998	2.544955	0.0	2.342635	0.0	0.0	33.058	559.893	14.1244	0.0	0.0	7.25125	0.0	0.0	641.5554999999999	426.173	75.96465	164.56099999999998	0.0	0.0	13.2651	0.0	579.9605	4.41992	0.0	380.99649999999997	369.5615	187.29899999999998	33.6365	1.473485	342.81399999999996	364.93899999999996	0.0	0.0	2.290205	20.53555	0.0	0.0	209.6175	0.0	1.64902	316.47950000000003	402.9175	0.0	21.0858	0.0	4.59322	2.102845	5.9319	0.0	7.73564	5.10838	443.0235	0.0	0.0	0.0	3.8968550000000004	0.0	12.0447	4.220605	0.0	93.2971	0.0	13.40509	347.772	407.961	0.0	0.0	438.73850000000004	606.1995	0.0	0.0	433.337	0.0	0.0	0.0	3.501015	0.0	1.272925	0.0	0.0	0.0	0.0	0.0	7.92745	392.44449999999995	7.6915700000000005	3.82434	0.0	0.0	103.91919999999999	433.6725	0.0	362.789	0.0	0.0	0.0	4.551015	0.0	0.0	500.365	0.0	0.0	364.2665	0.0	0.0	648.1205	164.05599999999998	45.5617	309.265	0.0	20.7707	0.0	428.49699999999996	61.153099999999995	0.0
MGB054	0.0	0.0	0.0	0.0	0.0	0.0	0.0	0.0	0.0	0.0	0.0	0.0	0.0	0.0	0.0	0.0	0.0	0.0	0.0	0.0	0.0	0.0	0.0	0.0	0.0	0.0	0.0	0.0	0.0	0.0	0.0	0.0	0.0	0.0	0.0	0.0	0.0	0.0	0.0	0.0	0.0	0.0	0.0	0.0	0.0	0.0	0.0	0.0	0.0	0.0	0.0	0.0	0.0	0.0	0.0	0.0	0.0	0.0	0.0	0.0	0.0	0.0	0.0	0.0	0.0	0.0	5.32935	0.0	0.0	0.0	0.0	0.0	0.0	0.0	0.0	0.0	0.0	0.0	0.0	0.0	136.338	0.0	0.0	0.0	0.0	0.0	0.0	0.0	0.0	0.0	0.0	0.0	0.0	0.0	0.0	0.0	0.0	0.0	0.0	1.15804	0.0	0.0	0.0	0.0	0.0	0.0	14.6718	0.0	0.0	0.0	0.0	0.0	0.0	0.0	0.0	0.0	0.0	0.0	0.0	0.0	0.0	0.0	0.0	0.0	0.0	0.0	0.0	0.0	0.0	0.0	0.0	0.0	0.0	0.0	0.0	0.0	0.0	0.0	0.0	0.0	0.0	0.0	0.0	0.0	0.0	0.0	0.0	0.0	0.0	0.0	0.0	0.0	0.0	0.0	0.0	0.0	0.0	0.0	0.0	0.0	0.0	0.0	0.0	0.0	0.0	0.0	0.0	0.0	0.0	0.0	0.0	0.0	0.0	0.0	0.0	0.0	0.0	0.0	0.0	0.0	0.0	0.0	0.0	0.0	0.0	0.0	0.0	0.0	0.0	0.0	0.0	0.0	0.0	0.0	0.0	0.0	0.0	0.0	0.0	0.0	0.0	0.0	0.0	0.0	0.0	0.0	0.0	0.0	0.0	0.0	0.0	0.0	0.0	0.0	0.0	0.0	0.0	0.0	0.0	0.0	0.0	0.0	0.0	0.0	0.0	0.0	0.0	0.0	0.0	0.0	0.0	0.0	0.0	0.0	0.0	0.0	0.0	0.0	0.0	0.0	0.0	0.0	0.0	0.0	0.0	0.0	0.0	0.0	0.0	0.0	0.0	0.0	0.0	0.0	0.0	0.0	0.0	0.0	0.0	0.0	0.0	0.0	0.0	0.0	0.0	0.0	0.0	0.0	0.0	0.0	0.0	0.0	0.0	0.0	0.0	19.851	0.0	0.0	0.0	0.0	0.0	0.0	0.0	0.0	0.0	0.0	0.0	0.0	0.0	0.0	0.0	0.0	0.0	0.0	0.0	0.0	0.0	0.0	0.0	0.0	0.0	0.0	0.0	0.0	0.0	0.0	0.0	0.0	0.0	0.0	0.0	0.0	0.0	0.0	0.0	0.0	0.0	0.0	0.0	0.0	0.0	0.0	0.0	0.0	0.0	0.0	0.0	0.0	0.0	0.0	0.0	0.0	0.0	0.0	0.0
MGB019	72.7139	47.4611	0.0	5.86079	128.247	28.1603	70.9777	86.9665	29.2324	30.2276	106.491	28.1587	37.3991	92.1441	89.6367	40.6775	0.0	47.3364	0.0	50.9125	34.7712	17.9809	14.6969	27.9581	159.383	65.0339	30.1011	3.52225	2.57785	14.0393	112.609	26.7062	14.8822	49.8567	9.61438	3.61821	0.0	24.0671	35.555	38.2207	91.7028	15.5458	34.9438	37.0801	80.9934	0.0	12.3114	16.2905	2.53852	85.2859	0.0	92.5501	25.8631	0.0	5.3031	2.0991	58.9471	17.9422	0.0	1.75415	69.9102	0.0	113.983	4.752	96.0112	84.4434	55.2064	23.1859	140.382	0.0	0.0	94.0697	57.1627	100.941	29.2946	0.0	39.1043	31.7323	105.441	24.226	69.1451	49.8509	41.8552	35.6938	107.449	27.9166	165.777	3.07474	73.2411	0.0	0.0	9.29577	9.5664	6.7651	47.2807	14.749	8.51314	3.33593	29.1654	34.1751	36.4048	19.4527	0.0	6.69927	56.9114	3.26505	47.8398	59.4492	15.0872	6.11173	20.9372	56.9483	34.7805	0.0	44.0123	41.2289	138.695	36.8341	0.0	65.2565	0.0	0.0	0.0	15.9633	14.5535	20.1808	99.4566	29.419	0.0	1.80454	56.1727	109.0	4.77593	15.6345	34.7528	63.4474	62.0833	25.7262	0.0	56.1771	151.697	4.94859	62.8344	54.6793	0.0	19.0141	5.58878	77.359	63.3768	25.3956	32.6375	8.68549	6.28916	34.9506	20.2076	44.4992	6.40711	66.038	39.1956	36.3933	2.20746	22.1852	58.881	67.4768	0.0	6.45756	42.685	30.7725	0.0	74.0061	34.3859	0.0	62.2628	59.4282	62.2233	42.6607	13.2849	32.6864	122.297	6.60564	49.4251	49.1005	0.0	6.15649	2.80737	111.543	43.0195	6.52439	29.0877	66.9087	123.313	36.4551	48.1095	28.0846	4.68165	7.17153	30.3877	6.71753	52.5641	74.0387	55.8566	63.4235	55.2952	21.757	82.5351	20.3315	12.6216	0.0	59.0017	99.6155	30.9202	13.6556	0.0	87.5845	19.1173	0.0	31.3681	0.0	50.2893	0.0	45.6205	17.1244	38.6041	144.612	29.8189	12.2392	6.80667	98.8173	19.3055	21.3346	15.8147	127.196	11.5462	2.59149	12.2252	34.2665	21.9222	61.0049	55.2882	124.917	27.1576	2.82518	4.62427	147.481	0.0	8.71721	7.32124	18.1706	2.45294	13.5295	17.0001	22.5526	41.2488	0.0	0.0	27.6231	48.4851	0.0	84.2901	34.5841	4.23144	5.79204	66.401	18.4463	47.3698	34.7875	68.6601	0.0	32.8292	0.0	3.2199	4.37752	121.431	18.7347	27.4942	38.033	0.0	0.0	0.0	24.8093	0.0	35.1871	0.0	3.8123	0.0	32.1862	136.49	5.86329	3.01224	49.2798	55.3718	3.33604	53.1201	29.3986	73.3013	5.60018	0.0	20.1255	2.4094	0.0	17.4621	17.0129	80.1115	38.4109	8.33099	48.1405	73.9177	14.2145	68.443	10.2033	3.90918	13.0772	4.30232	80.3422	0.0	84.8786	63.5356	48.274	0.0	0.0	58.8402	25.2253	10.1265	5.58717	0.0	1.89028	0.0	24.5372	2.43199	0.0	61.6597	11.8062	8.19727	104.839	0.0
MGB026	0.0	0.0	0.0	0.0	0.0	0.0	0.0	0.0	0.0	0.0	0.0	0.0	0.0	0.0	0.0	0.0	0.0	0.0	0.0	0.0	0.0	0.0	0.0	0.0	0.0	0.0	0.0	0.0	0.0	0.0	0.0	0.0	0.0	0.0	0.0	0.0	0.0	0.0	0.0	0.0	0.0	0.0	0.0	0.0	0.0	0.0	0.0	0.0	0.0	0.0	0.0	0.0	0.0	0.0	0.0	0.0	0.0	0.0	0.0	0.0	0.0	0.0	0.0	0.0	0.0	6.82051	0.0	0.0	0.0	0.0	0.0	0.0	0.0	0.0	0.0	0.0	0.0	0.0	0.0	0.0	0.0	0.0	0.0	0.0	0.0	0.0	0.0	0.0	0.0	0.0	0.0	0.0	0.0	0.0	0.0	0.0	0.0	0.0	0.0	0.0	0.0	0.0	0.0	0.0	0.0	0.0	0.0	0.0	0.0	0.0	0.0	0.0	0.0	0.0	0.0	0.0	0.0	0.0	0.0	0.0	0.0	0.0	0.0	0.0	0.0	0.0	0.0	0.0	0.0	0.0	74.9356	0.0	0.0	0.0	0.0	0.0	0.0	0.0	0.0	0.0	0.0	0.0	0.0	0.0	0.0	0.0	0.0	0.0	0.0	0.0	0.0	0.0	0.0	7.49868	0.0	0.0	0.0	0.0	0.0	0.0	0.0	0.0	0.0	0.0	0.0	0.0	0.0	0.0	0.0	0.0	0.0	0.0	0.0	0.0	0.0	0.0	0.0	0.0	0.0	0.0	0.0	0.0	0.0	0.0	0.0	0.0	0.0	0.0	0.0	0.0	27.3398	0.0	0.0	0.0	0.0	0.0	0.0	0.0	0.0	0.0	0.0	0.0	0.0	0.0	0.0	0.0	0.0	0.0	0.0	0.0	0.0	0.0	0.0	0.0	0.0	0.0	0.0	0.0	0.0	0.0	0.0	0.0	0.0	0.0	0.0	0.0	0.0	22.7653	0.0	0.0	0.0	0.0	0.0	0.0	0.0	0.0	0.0	0.0	0.0	0.0	0.0	0.0	0.0	0.0	0.0	0.0	0.0	0.0	0.0	0.0	0.0	0.0	0.0	0.0	0.0	0.0	0.0	0.0	0.0	0.0	0.0	0.0	0.0	0.0	0.0	0.0	0.0	0.0	0.0	0.0	0.0	0.0	0.0	0.0	0.0	0.0	0.0	0.0	0.0	0.0	0.0	0.0	0.0	0.0	0.0	0.0	0.0	0.0	0.0	0.0	0.0	0.0	0.0	0.0	0.0	0.0	0.0	0.0	0.0	0.0	0.0	0.0	0.0	0.0	0.0	0.0	0.0	0.0	0.0	0.0	0.0	0.0	0.0	0.0	0.0	0.0	0.0	0.0	0.0	0.0	0.0	0.0	0.0	0.0	0.0	0.0	0.0	0.0	0.0	0.0	0.0	0.0	0.0	0.0	0.0
MGB005	32.5815	30.5164	0.0	465.757	87.5437	35.269	79.0867	83.3541	0.0	79.0356	78.3472	28.464	178.296	0.0	30.9081	74.7523	0.0	87.6113	0.0	85.5414	33.9562	14.0131	115.039	22.53417	52.6895	122.461	48.1098	486.466	521.961	0.0	83.5744	91.6341	130.548	62.954405	36.6284	0.0	14.9857	202.58	63.9808	76.1254	131.529	124.689	47.1362	23.6108	93.311	273.422	34.5612	38.2564	430.915	43.2226	0.0	0.0	62.4717	0.0	465.24699999999996	543.364	86.3133	45.1679	0.0	491.377	140.705	0.0	50.3696	312.224	76.668	78.9782	0.0	112.69305	0.0	455.137	520.116	87.8738	124.333	71.6041	49.5102	0.0	87.4228	71.1289	0.0	29.2941	64.48545	0.0	61.8192	61.5446	36.0022	119.488	63.255	570.258	92.1706	0.0	0.0	49.9017	91.9714	478.588	12.56055	7.04515	37.583535	381.03200000000004	35.8159	0.0	51.4048	24.9915	0.0	0.0	175.415	0.0	18.194215	105.1295	464.685	549.551	29.6055	44.038	134.011	468.051	19.89769	89.3968	0.0	20.0096	0.0	26.86725	0.0	0.0	261.32349999999997	70.0146	418.9365	89.835	71.07560000000001	30.7133	0.0	490.689	52.537	0.0	468.8405	20.3768	349.347	100.505	24.8476	180.036	0.0	228.835	0.0	539.982	160.707	315.1555	0.0	59.3734	372.341	89.983	210.123	51.8861	81.11175	100.967	525.307	76.7516	0.0	33.0072	567.827	108.603	69.98270000000001	34.8323	514.697	79.7991	61.6622	24.7578	81.5061	411.338	39.7332	130.124	0.0	133.498	123.091	0.0	17.8974	66.99080000000001	119.341	71.7135	87.962	0.0	43.3513	14.5015	63.54965	40.2158	0.0	433.173	445.70050000000003	114.0928	0.0	439.505	24.0124	91.5255	59.0797	67.563	60.1695	0.0	577.616	61.6998	22.829795	60.8724	50.083200000000005	0.0	90.2235	20.72935	126.22315	28.2746	30.77605	39.0749	540.828	0.0	26.1033	155.777	108.953	446.0095	284.446	63.1363	43.8573	0.0	35.961	0.0	221.884	275.266	26.88612	70.5724	34.2095	0.0	30.918	60.3567	497.39549999999997	46.60525	0.0	59.2124	26.8214	56.8005	11.8887	575.8935	439.526	70.88185	171.76049999999998	60.0588	129.383	56.83145	53.789	546.588	34.0145	60.232	0.0	453.381	267.052	60.3089	11.6715	441.994	371.54999999999995	27.8768	74.3192	0.0	0.0	184.125	144.322	320.832	151.06	147.0481	388.732	509.49	155.048	114.376	49.6587	168.56	0.0	0.0	103.459	0.0	98.4847	425.637	0.0	98.9585	115.171	18.45288	0.0	0.0	0.0	67.7565	0.0	65.4866	144.04	465.147	504.045	81.136	0.0	544.544	574.296	45.3308	61.299260000000004	521.707	100.1517	82.4085	97.8575	77.4179	0.0	118.762	0.0	0.0	57.2201	32.6112	151.527	0.0	414.42049999999995	48.3093	66.1296	57.84755	128.643	150.412	530.899	13.2369	419.238	24.9327	0.0	67.4245	0.0	12.6022	0.0	505.1965	29.3552	36.7624	469.862	0.0	0.0	595.0640000000001	177.178	85.8492	354.868	0.0	0.0	37.3458	502.4615	94.10675	0.0
MGB027	66.6702	19.8394	0.0	2.34487	218.921	12.7475	91.1147	73.8129	33.6191	44.6915	234.135	37.0038	33.5731	85.8207	63.7951	32.5476	342.134	20.2079	0.0	19.7061	1.24665	16.383	17.042	23.8926	142.874	62.7073	29.4612	7.9542	10.5352	4.21688	100.169	23.3472	17.6421	43.9441	13.6668	0.0	0.0	15.8288	56.1718	29.9353	88.958	28.5186	38.7813	37.3077	308.521	0.0	21.9423	18.8931	0.0	77.1341	304.43	88.1857	39.2537	0.0	15.96	2.46538	63.8548	88.9208	81.3209	1.39497	67.3594	117.622	97.3003	9.88406	84.3009	96.0198	46.0335	22.3766	67.3901	2.0833	1.79152	80.2509	57.7329	114.313	19.1128	168.598	35.9065	62.5625	200.593	49.2881	37.8969	40.6084	30.9304	28.7695	91.8061	27.9499	135.284	5.56926	57.3622	0.0	0.0	48.4908	3.86424	10.003	16.97	7.18272	11.7939	13.8306	22.308	32.2428	14.9897	33.9154	0.0	0.0	58.5802	6.80642	63.5302	341.098	17.7622	11.7526	73.4574	159.834	30.402	1.92262	20.1782	43.7726	122.318	43.5552	88.2067	58.5686	3.85751	4.17821	19.3675	22.5519	20.0826	19.3726	125.247	21.3059	0.0	3.76021	68.1061	90.4463	4.89144	15.3486	16.0734	63.6807	39.8561	32.9861	145.255	43.7894	141.501	8.70022	53.494	59.3301	35.7558	13.1393	4.35341	78.5702	71.1512	16.5312	33.0141	13.1189	5.58145	70.6085	14.1759	7.38074	17.9903	61.7254	34.3792	49.4372	3.31331	41.1648	42.549	71.0809	18.2382	1.55885	36.7688	29.1466	0.0	86.7975	32.3678	57.5503	30.7451	173.498	60.9518	51.4446	17.2377	0.0	50.8721	3.06485	43.7461	44.8487	0.0	2.34769	4.6701	179.42	43.6886	5.49067	16.71	44.6788	119.282	79.1073	72.9712	17.9304	8.18154	24.0867	39.5306	12.3011	62.6495	44.669	50.4379	61.5575	86.7804	22.7284	54.5003	34.6147	14.8388	0.0	6.06849	115.029	33.5211	8.89108	2.61808	59.9414	26.4534	68.2584	10.6149	35.9815	43.1985	3.48165	35.6846	7.78867	29.7377	118.012	27.4606	32.323	8.99378	81.5222	65.5497	8.62472	16.524	152.073	14.2872	8.37346	13.2439	76.6856	12.821	52.4844	48.0771	115.019	26.1241	3.0175	62.4963	151.439	121.988	9.17481	21.3221	21.8931	15.6267	16.4381	15.7663	19.7542	121.454	47.5619	93.8371	25.6996	49.2806	9.76327	76.3709	64.2589	9.44372	9.79989	68.8661	13.1776	17.8122	98.2814	178.011	1.32254	156.095	0.0	3.95242	4.43791	125.512	87.9883	23.7603	45.2775	382.417	0.0	39.6859	40.5628	485.042	55.7765	0.0	1.27684	0.0	138.98	83.7311	15.1093	2.55068	7.53711	60.6495	0.0	146.012	26.6911	65.3169	6.65385	0.0	34.986	13.4198	0.0	14.6655	30.1999	70.1839	35.4495	19.2769	40.5862	72.1308	62.4978	55.5638	23.2932	6.66175	12.6205	0.0	70.5151	0.0	198.211	45.6521	22.588	36.2008	0.0	84.3637	29.421	7.69402	13.0019	0.0	4.06743	57.1082	17.0887	3.80955	0.0	56.2055	9.12845	5.14087	84.035	0.0
MGB006	126.436	77.2441	0.0	8.10861	214.852	37.5473	102.06	130.904	59.9974	48.6333	170.809	68.7652	82.8168	200.99	138.795	76.5714	0.0	64.1777	0.0	77.2814	57.7682	25.7568	19.8333	39.921	237.584	115.246	37.8158	10.7604	6.78259	29.9015	181.667	45.7373	27.2912	63.5022	10.7346	2.84943	0.0	34.3296	75.4936	43.8622	142.997	25.5711	66.4243	74.8313	155.307	0.0	23.4439	28.8738	7.98791	147.764	0.0	166.927	40.122	0.0	8.44137	5.62297	99.3245	49.3507	0.0	4.27322	96.6959	0.0	174.844	9.38298	159.23	139.205	83.5948	35.4803	231.053	0.0	4.62596	145.194	92.3701	168.447	55.7785	0.0	44.9654	46.8053	172.7	47.4318	63.0552	90.6505	61.8817	60.4787	142.275	55.4408	271.25	10.2067	127.227	0.0	0.0	29.5154	13.2579	8.8204	59.0315	17.3671	9.62742	8.22327	42.7328	53.426	55.3631	35.2517	0.0	9.7228	97.6873	4.82373	77.3397	115.987	20.8708	9.46686	40.7867	80.8291	43.9745	0.0	65.7173	57.4161	220.782	53.7456	0.0	142.579	0.0	0.0	0.0	38.0291	20.9834	47.8096	167.431	50.6416	0.0	0.0	115.797	211.283	7.09147	11.9838	11.9088	99.7269	83.3134	56.9058	0.0	88.5333	232.297	10.5836	112.079	99.328	0.0	29.385	9.94761	124.801	122.274	35.1167	67.5939	16.0522	6.04741	78.1762	25.7205	65.8823	7.63244	130.207	75.1001	66.8467	0.0	52.0324	84.5358	136.22	3.37333	7.27847	77.981	46.5724	0.0	126.467	52.7514	0.0	97.7566	105.06	102.391	72.2688	28.6244	63.5404	202.407	3.98627	93.3296	70.5648	0.0	8.07683	5.6737	171.284	88.3208	5.63252	38.2579	110.469	214.603	81.905	77.0709	49.0225	5.14189	17.5317	60.7871	15.4181	70.2737	120.965	89.6346	112.443	90.7027	47.8697	112.719	42.2616	19.0409	0.0	73.1823	187.877	62.5561	13.3298	0.0	138.788	28.4943	0.0	47.2259	0.0	106.397	0.0	73.7759	36.0176	58.5472	218.19	50.007	14.988	9.31515	164.634	27.7369	32.1649	33.1944	235.46	25.4896	4.26086	16.8165	71.5426	27.7608	106.009	94.9936	227.197	40.6257	4.56524	7.57872	273.191	0.0	12.0508	14.1975	21.6675	5.62629	22.9638	31.6754	35.0664	82.6762	0.0	0.0	44.1695	79.0854	2.37115	151.314	58.5015	12.1258	10.2083	106.299	45.9515	61.9368	64.3069	116.176	2.26025	56.7355	0.0	4.63832	7.22417	241.495	22.1474	49.4045	62.7531	0.0	1.20352	0.0	39.988	0.0	75.54	3.27532	4.49564	0.0	72.8161	239.873	12.9297	5.6237	71.9807	106.512	3.91017	87.9765	38.6666	98.6535	13.966	0.0	42.5812	3.50804	0.0	32.5976	27.0932	127.128	84.4542	17.091	86.8903	112.785	24.2558	99.3946	17.7685	4.4737	26.7768	0.0	146.676	0.0	178.806	112.59	72.8738	0.0	1.45713	90.7984	44.1772	15.7423	11.4016	0.0	3.81461	0.0	30.4104	5.23604	0.0	96.0967	18.1545	11.894	191.215	0.0
MGB007	27.59915	1.845335	3.71531	369.195	36.5337	1.434345	63.7123	5.4542	36.28045	26.645495	49.9286	96.3961	150.976	0.0	73.46225	0.0	112.8325	0.0	0.0	0.0	2.95551	769.9835	70.6349	0.0	1.599505	9.46088	109.11885	458.0825	459.77049999999997	30.95745	76.95555	89.6259	51.68225	11.715215	113.29249999999999	2.02982	0.0	227.657	42.86085	22.215664999999998	2.34013	80.93005	10.282	10.95192	87.6165	207.8545	2.30721	9.401285	487.4835	7.703825	147.5555	0.0	41.65585	301.43899999999996	364.135	440.072	50.43015	37.75183	184.7966	416.3455	8.78227	30.39245	1.39204	274.97900000000004	0.0	40.09645	2.535805	43.58655	4.23845	410.3425	466.92949999999996	5.864775	0.0	42.83272	2.441335	64.2635	6.2558	152.48615	45.61275	56.2376	108.5645	74.60607	319.9225	5.07055	0.0	53.98515	6.31915	478.16200000000003	23.70545	146.812	0.0	443.2365	23.76015	440.90599999999995	2.499895	10.671125	100.9726	412.3805	4.405005	0.0	0.0	0.0	29.5135	0.0	12.613495	2.44855	16.4884	121.645	389.0155	446.225	69.86115	48.340599999999995	121.8905	445.2845	9.26319	5.8086	8.207085	19.21705	39.0585	2.22782	1.965735	6.417785	225.5485	26.06299	332.956	192.674	23.466050000000003	0.0	0.0	465.082	61.7568	4.137955	485.375	16.724600000000002	299.3245	0.0	20.420255	5.852665	42.55485	4.09465	5.3721	455.128	0.0	232.6335	58.77305	0.0	309.358	1.605685	173.62400000000002	11.137229999999999	4.979295	0.0	469.288	58.15455	757.841	1.478465	445.692	2.309495	0.0	36.40155	461.371	10.1603	1.565655	0.86983	31.95715	373.5335	1.56168	328.7045	0.0	8.78239	28.366	28.72585	0.0	38.7055	0.0	138.32755	0.0	1.135655	15.599145	0.0	15.35295	15.33095	0.0	445.3835	435.48	32.321495	42.57475	410.528	53.21855	1.33935	37.55385	115.0012	118.836675	136.88889999999998	516.7355	35.15415	132.8604	19.79385	37.5427	0.0	0.0	0.0	180.66545000000002	70.825935	60.412400000000005	52.0264	378.972	0.0	0.0	134.199	67.7459	405.17999999999995	227.7625	3.92277	10.01127	30.33895	12.61683	8.48645	1.624285	220.721	30.085935	418.424	504.645	3.108725	1.59584	42.420500000000004	423.79499999999996	24.8062	28.248019999999997	0.0	13.333375	15.05735	798.817	476.85350000000005	368.8905	265.355	129.512	2.123195	1.506655	21.40115	0.0	463.193	51.27875	11.41615	47.1931	435.595	425.3845	399.5955	13.74945	365.25	330.7865	53.4131	35.0471	15.32895	162.21554999999998	10.52273	5.838850000000001	258.43600000000004	12.250745	22.6718	374.534	446.854	6.3103	25.924149999999997	0.0	25.1736	46.78735	18.516655	357.937	8.041415	1.896985	327.99350000000004	8.21575	53.86045	4.260755	21.8354	112.5025	25.12765	193.27569999999997	28.8177	238.864	8.9331	8.08935	447.43600000000004	416.178	306.429	0.69262	409.98749999999995	461.36850000000004	0.0	1.304145	488.6485	91.74395	21.811300000000003	8.41635	27.49435	353.178	94.6803	14.915244999999999	0.0	351.83050000000003	49.89345	15.522295	19.563945	357.7545	19.37295	55.55002	469.42049999999995	7.14378	105.523	464.605	745.6105	379.1115	0.0	0.0	37.91195	14.382629999999999	0.695905	18.0906	437.25750000000005	10.896844999999999	4.837619999999999	409.8415	12.195409999999999	159.40300000000002	458.2735	158.001	43.87015	327.256	0.0	70.7387	0.0	426.424	54.582	0.0
MGB029	113.603	68.9892	6.06102	352.951	113.088	31.9947	106.022	93.0972	85.4511	35.7012	98.9968	46.4243	190.817	93.0094	84.2842	54.8306	0.0	85.6395	0.0	83.1286	102.026	14.7992	61.7533	61.4765	159.196	63.1911	29.0491	458.252	435.698	41.6295	138.135	26.5083	26.3411	55.8992	11.9686	35.6827	46.913	219.562	46.1518	31.4346	85.8996	69.5035	34.0654	37.4736	83.5559	194.507	40.0615	43.0417	366.975	118.016	0.0	86.7893	34.0804	9.08613	362.191	410.845	78.0957	31.7455	0.0	410.952	66.3672	5.09278	105.013	280.227	86.7049	99.8645	49.569	160.198	139.434	381.455	466.952	98.8192	275.452	111.456	34.0796	0.0	51.8533	112.526	108.556	37.3885	36.3172	61.8522	63.3754	36.2588	98.3785	57.0608	166.568	445.214	196.38	9.04943	0.0	24.1199	38.9243	478.663	70.0193	13.7753	16.9858	317.43	32.3496	31.8558	58.3427	85.3287	37.515	5.93885	62.0601	18.634	46.6182	61.3361	355.086	414.59	21.4103	46.0587	151.406	417.39	89.2567	70.7011	143.635	83.6526	6.1776	82.4455	0.0	2.85977	183.538	99.0389	327.023	51.9288	170.857	24.5248	0.0	402.329	204.149	100.242	355.29	38.1265	296.973	298.87	69.913	27.1602	0.0	42.8003	145.089	408.965	59.7536	293.264	0.0	93.221	312.376	69.4175	66.7607	64.5848	66.6287	15.5202	488.161	92.9425	20.3424	97.5358	404.976	84.6446	114.829	35.9063	450.263	36.629	49.9505	64.1227	25.3315	368.489	43.3395	92.7912	0.0	73.1547	175.296	0.0	64.8443	63.6223	60.4333	123.133	109.459	93.1257	112.341	10.1534	56.3881	40.9301	0.0	352.762	376.283	177.914	97.0668	387.406	33.2001	72.7754	177.042	64.0352	83.0607	83.1936	471.568	110.681	77.8524	26.5056	91.333	56.9902	193.413	59.1001	93.0906	24.064	88.6586	17.7212	366.192	0.0	102.016	91.1593	34.9368	364.982	207.12	108.671	38.2915	0.0	40.1749	0.0	63.8475	212.222	58.8849	18.5985	34.7118	120.037	89.2468	34.821	416.744	147.551	24.9333	74.7914	64.9449	129.972	11.3636	471.76	405.768	112.949	164.809	59.1732	72.8604	131.751	76.1417	452.212	15.2978	146.342	0.0	421.346	173.789	44.2302	15.7192	332.063	339.4	33.1052	44.0663	0.0	0.0	21.9111	44.1724	271.277	89.6119	41.4014	368.456	406.111	70.0768	42.234	54.7957	37.4164	60.0201	40.039	30.5539	3.34762	10.1421	313.394	140.329	40.9618	267.653	38.8725	0.0	65.9472	0.0	73.9354	0.0	71.0427	5.10818	379.371	387.534	39.1512	126.793	411.299	429.281	94.7267	101.936	439.453	147.313	33.3348	258.168	57.7871	8.52652	33.2346	0.0	0.0	38.4982	30.7877	88.9511	84.2819	408.576	59.2809	78.9334	16.1816	63.4775	94.7945	406.032	13.7798	325.423	79.262	0.0	97.738	84.286	79.7536	0.0	433.338	68.6263	50.065	364.425	4.34764	2.43244	470.834	128.181	68.9051	306.532	0.0	98.4442	29.6809	389.572	156.114	0.0
MGB022	55.7313	35.6889	0.0	3.85012	131.724	26.7774	49.4784	86.9906	37.887	23.8538	117.268	36.4423	49.8476	107.748	42.3429	41.7498	0.0	20.2158	0.0	23.5592	0.0	18.4498	10.2185	26.4658	149.118	63.5838	22.5771	4.30377	3.50245	9.97978	109.095	24.7204	16.893	44.9888	0.0	2.51441	0.0	8.71328	39.1431	27.8461	94.3459	21.1182	37.1296	34.4236	92.4213	0.0	16.4705	14.6205	2.01961	74.1225	0.0	102.797	22.5089	0.0	5.39657	4.02827	62.7319	18.4969	0.0	1.38049	63.9009	0.0	102.691	4.04767	107.402	76.1455	51.9614	22.8621	62.5639	0.0	2.82492	89.2845	59.3862	107.77	30.7711	0.0	15.8447	26.4064	102.109	25.2819	33.9176	52.5082	38.0672	50.5523	103.952	27.4755	175.882	5.57344	81.3548	0.0	0.0	7.69888	6.04433	7.43598	17.3867	8.13906	5.09551	3.20494	10.3366	37.1456	22.6377	22.2439	0.0	0.0	58.384	5.14523	58.4054	70.9202	9.18499	7.30965	27.9592	52.8548	10.8078	0.0	8.97943	31.6947	124.563	6.95571	0.0	73.5137	0.0	0.0	0.0	20.5184	10.1451	29.7722	113.339	30.3142	0.0	1.52461	58.7667	121.314	4.36971	10.9811	8.15979	59.6273	39.7807	39.7111	0.0	59.7188	156.711	5.84106	66.9482	62.2888	0.0	15.3436	6.91459	76.4525	74.9426	24.8328	21.3695	15.4258	4.23725	49.2523	22.1005	2.3723	4.45559	72.7807	46.57	34.5494	0.0	29.6147	57.2724	87.0227	0.0	6.10103	43.7031	25.7547	0.0	88.053	29.6898	0.0	37.8714	63.0001	74.2899	50.2843	15.1336	0.0	51.0511	3.20002	49.3435	43.3458	0.0	5.64009	0.0	93.7512	46.268	4.03893	14.6242	62.4297	118.343	39.4015	55.509	33.0319	4.32478	13.1077	45.1192	6.29496	0.0	76.4238	44.1604	79.5728	48.6068	27.1263	42.6088	27.9424	10.1651	0.0	6.90545	114.983	30.9416	6.26253	0.0	68.6028	17.954	0.0	9.05663	0.0	56.6149	0.0	40.7133	16.0858	41.9592	128.175	42.0888	17.2929	7.39865	93.8348	14.0523	3.58369	17.1809	143.095	15.746	2.71587	9.42675	38.7707	11.5771	59.0997	47.8557	125.515	29.4848	2.71855	3.54192	149.877	0.0	6.42429	8.79427	16.117	4.25156	14.0035	20.5548	19.632	51.3562	0.0	0.0	32.3827	51.832	2.38142	86.4472	36.3472	5.80321	5.90382	81.3159	40.9516	14.6008	39.2756	66.1846	2.58811	39.423	0.0	2.53511	3.75839	118.726	10.468	31.0593	44.6465	0.0	2.30902	0.0	13.5485	0.0	36.3761	0.0	1.91221	0.0	39.3393	81.6173	10.32	5.93633	11.2132	64.4487	0.0	57.0972	28.9068	67.4692	2.9656	0.0	24.8173	0.0	0.0	20.2603	7.45093	78.5599	33.5778	8.97436	56.2775	58.2199	16.2672	66.8139	9.54619	5.54427	17.9571	0.0	88.5975	0.0	101.496	64.802	24.8483	0.0	0.0	64.0669	28.3517	8.02041	2.57056	0.0	1.30083	0.0	8.63252	0.0	0.0	56.5536	7.77445	7.19289	98.8443	0.0
MGB023	12.5808	3.08444	0.0	0.0	6.90439	0.0	7.17885	0.0	0.0	2.86751	7.93886	0.0	0.0	0.0	0.0	0.0	0.0	14.843	0.0	8.13142	18.1695	0.0	0.0	0.0	22.7767	0.0	0.0	0.0	0.0	0.0	0.0	0.0	0.0	0.0	0.0	0.0	0.0	6.25238	0.0	0.0	0.0	0.0	0.0	0.0	0.0	0.0	0.0	0.0	0.0	4.17349	0.0	0.0	0.0	0.0	0.0	0.0	0.0	0.0	0.0	0.0	0.0	0.0	0.0	0.0	0.0	0.0	0.0	0.0	5.76536	0.0	0.0	0.0	0.0	0.0	0.0	0.0	0.0	0.0	0.0	0.0	45.7884	0.0	0.0	0.0	0.0	0.0	0.0	0.0	0.0	0.0	0.0	0.0	0.0	0.0	15.662	0.0	0.0	0.0	0.0	0.0	0.0	0.0	0.0	0.0	0.0	0.0	5.1944	0.0	0.0	0.0	0.0	0.0	0.0	0.0	19.8441	0.0	0.0	9.96494	0.0	0.0	0.0	0.0	0.0	0.0	0.0	0.0	0.0	0.0	0.0	0.0	0.0	0.0	0.0	0.0	0.0	0.0	3.9904	0.0	0.0	2.62093	3.51395	0.0	0.0	0.0	0.0	0.0	0.0	0.0	0.0	0.0	0.0	0.0	0.0	0.0	0.0	22.1835	0.0	0.0	0.0	0.0	0.0	7.74048	0.0	0.0	0.0	0.0	0.0	0.0	0.0	0.0	0.0	0.0	0.0	0.0	0.0	0.0	0.0	10.3659	6.68129	0.0	0.0	0.0	0.0	0.0	0.0	0.0	0.0	0.0	0.0	0.0	0.0	0.0	0.0	0.0	0.0	0.0	0.0	0.0	22.273	0.0	0.0	0.0	0.0	0.0	0.0	0.0	0.0	0.0	23.5662	0.0	0.0	0.0	0.0	5.77411	0.0	0.0	6.24435	0.0	0.0	0.0	0.0	0.0	0.0	1.99188	0.0	0.0	0.0	0.0	0.0	0.0	0.0	0.0	0.0	0.0	0.0	0.0	0.0	0.0	0.0	0.0	0.0	0.0	0.0	0.0	0.0	0.0	0.0	0.0	0.0	0.0	0.0	0.0	0.0	0.0	0.0	0.0	0.0	0.0	0.0	15.1467	0.0	0.0	0.0	0.0	0.0	29.383	0.0	0.0	0.0	0.0	0.0	0.0	0.0	6.75337	0.0	4.27372	0.0	2.0825	0.0	0.0	0.0	0.0	0.0	0.0	0.0	0.0	0.0	0.0	0.0	13.7811	0.0	0.0	0.0	0.0	0.0	0.0	0.0	0.0	0.0	0.0	0.0	0.0	0.0	0.0	0.0	0.0	0.0	0.0	0.0	0.0	0.0	0.0	0.0	0.0	0.0	0.0	0.0	7.29466	0.0	0.0	0.0	0.0	0.0	0.0	0.0	0.0	0.0	0.0	0.0	0.0	0.0	0.0	0.0	0.0	0.0
MGB045	0.0	0.0	0.0	0.0	0.0	0.0	0.0	0.0	0.0	0.0	0.0	0.0	0.0	0.0	0.0	0.0	0.0	0.0	0.0	0.0	0.0	0.0	0.0	0.0	0.0	0.0	0.0	0.0	0.0	0.0	0.0	0.0	0.0	0.0	0.0	0.0	0.0	127.89855	0.0	0.0	0.0	46.190799999999996	0.0	15.1521	0.0	0.0	0.0	0.0	287.5525	0.0	0.0	0.0	24.662575	0.0	212.984665	239.82174999999998	0.0	0.0	0.0	0.0	0.0	0.0	0.0	124.56120000000001	0.0	0.0	0.0	0.0	0.0	201.78741	0.0	0.0	0.0	0.0	0.0	0.0	0.0	0.0	0.0	0.0	0.0	0.0	18.530720000000002	0.0	0.0	0.0	0.0	266.5381	8.978005	0.0	0.0	0.0	0.0	192.519615	0.0	0.0	0.0	261.4105	0.0	0.0	0.0	0.0	0.0	0.0	0.0	0.0	0.0	0.0	0.0	0.0	0.0	0.0	73.0044	217.0654	0.0	0.0	0.0	0.0	0.0	0.0	0.0	0.0	112.5331	0.0	0.0	0.0	0.0	0.0	0.0	186.269285	0.0	0.0	298.9825	0.0	0.0	0.0	0.0	0.0	0.0	0.0	0.0	0.0	0.0	0.0	0.0	0.0	0.0	0.0	0.0	0.0	0.0	0.0	0.0	0.0	0.0	0.0	0.0	0.0	0.0	0.0	0.0	0.0	0.0	0.0	0.0	0.0	0.0	46.50865	0.0	0.0	0.0	0.0	0.0	0.0	0.0	0.0	0.0	0.0	0.0	0.0	6.705545000000001	0.0	0.0	207.6095	207.81747	0.0	0.0	213.00515	0.0	0.0	0.0	0.0	0.0	0.0	0.0	0.0	0.0	0.0	0.0	0.0	0.0	0.0	0.0	0.0	0.0	0.0	0.0	0.0	0.0	0.0	0.0	0.0	0.0	0.0	0.0	0.0	0.0	0.0	0.0	0.0	18.989645000000003	0.0	0.0	0.0	0.0	13.671030000000002	0.0	0.0	0.0	0.0	0.0	0.0	0.0	266.354565	0.0	0.0	71.709735	0.0	0.0	0.0	0.0	250.84582500000002	0.0	0.0	0.0	0.0	154.24349999999998	128.32165	0.0	0.0	0.0	0.0	0.0	0.0	0.0	0.0	0.0	130.0479	0.0	0.0	0.0	0.0	0.0	0.0	0.0	0.0	0.0	0.0	0.0	4.89133	0.0	0.0	0.0	0.0	0.0	0.0	0.0	0.0	0.0	0.0	0.0	0.0	0.0	191.3493	0.0	0.0	0.0	0.0	258.52865	0.0	0.0	228.885655	0.0	0.0	0.0	0.0	0.0	0.0	0.0	0.0	0.0	0.0	0.0	0.0	0.0	0.0	0.0	0.0	0.0	45.96805500000001	0.0	0.0	0.0	0.0	0.0	0.0	0.0	0.0	0.0	233.48315	0.0	0.0	0.0	0.0	0.0	0.0	72.016705	17.414099999999998	167.47632	0.0	0.0	0.0	0.0	0.0	0.0
MGB024	112.05239999999999	66.97872	0.0	0.0	171.487195	0.0	88.01742499999999	0.0	0.0	40.80670500000001	152.56743000000003	0.0	0.0	0.0	0.0	0.0	0.0	72.7735	0.0	62.35220999999999	49.3586	0.0	0.0	0.0	209.86264999999997	0.0	0.0	0.0	0.0	0.0	0.0	0.0	0.0	0.0	0.0	0.0	0.0	39.11704	0.0	0.0	0.0	0.0	0.0	0.0	0.0	0.0	0.0	0.0	0.0	121.59674500000001	0.0	0.0	0.0	0.0	0.0	0.0	0.0	0.0	0.0	0.0	0.0	0.0	0.0	0.0	0.0	0.0	0.0	0.0	160.64418	0.0	0.0	0.0	0.0	0.0	0.0	0.0	0.0	0.0	0.0	0.0	99.36270000000002	0.0	0.0	0.0	0.0	0.0	0.0	0.0	0.0	0.0	0.0	0.0	0.0	0.0	50.476549999999996	0.0	0.0	0.0	0.0	0.0	0.0	0.0	0.0	0.0	0.0	0.0	63.0477	0.0	0.0	0.0	0.0	0.0	0.0	0.0	59.27420000000001	0.0	0.0	48.59987	0.0	0.0	0.0	0.0	0.0	0.0	0.0	0.0	0.0	0.0	0.0	0.0	0.0	0.0	0.0	0.0	0.0	0.0	66.5957	0.0	0.0	61.777965	199.54547499999998	0.0	0.0	0.0	0.0	0.0	0.0	0.0	0.0	0.0	0.0	0.0	0.0	0.0	0.0	63.136250000000004	0.0	0.0	0.0	0.0	0.0	35.35204	0.0	0.0	0.0	0.0	0.0	0.0	0.0	0.0	0.0	0.0	0.0	0.0	0.0	0.0	0.0	44.30475	136.302145	0.0	0.0	0.0	0.0	0.0	0.0	0.0	0.0	0.0	0.0	0.0	0.0	0.0	0.0	0.0	0.0	0.0	0.0	0.0	90.457	0.0	0.0	0.0	0.0	0.0	0.0	0.0	0.0	0.0	73.7031	0.0	0.0	0.0	0.0	103.838055	0.0	0.0	35.196675	0.0	0.0	0.0	0.0	0.0	0.0	166.236565	0.0	0.0	0.0	0.0	0.0	0.0	0.0	0.0	0.0	0.0	0.0	0.0	0.0	0.0	0.0	0.0	0.0	0.0	0.0	0.0	0.0	0.0	0.0	0.0	0.0	0.0	0.0	0.0	0.0	0.0	0.0	0.0	0.0	0.0	0.0	51.776650000000004	0.0	0.0	0.0	0.0	0.0	65.7465	0.0	0.0	0.0	0.0	0.0	0.0	0.0	26.484185	0.0	59.51336	0.0	9.474499999999999	0.0	0.0	0.0	0.0	0.0	0.0	0.0	0.0	0.0	0.0	0.0	59.239050000000006	0.0	0.0	0.0	0.0	0.0	0.0	0.0	0.0	0.0	0.0	0.0	0.0	0.0	0.0	0.0	0.0	0.0	0.0	0.0	0.0	0.0	0.0	0.0	0.0	0.0	0.0	0.0	60.03283	0.0	0.0	0.0	0.0	0.0	0.0	0.0	0.0	0.0	0.0	0.0	0.0	0.0	0.0	0.0	0.0	0.0
MGB047	166.034	97.2931	0.0	10.4719	230.994	40.1143	147.988	154.869	163.275	58.2139	186.074	79.3624	85.6421	209.434	174.865	81.4491	0.0	101.68	0.0	111.47	106.161	31.3261	57.8059	52.8542	265.711	146.691	42.2982	8.5013	10.3668	33.7142	210.261	75.9363	68.1512	77.3652	15.5334	10.5186	37.5872	52.3812	171.158	46.7302	163.635	52.6296	90.4877	84.1068	210.884	0.0	47.0258	68.7932	7.77288	159.593	391.285	163.927	67.9317	9.37374	9.03735	10.4136	112.375	81.8221	87.5043	4.16685	112.711	0.0	201.615	35.0741	197.044	146.436	104.304	40.1072	248.145	3.56602	3.88451	184.615	113.66	199.1	45.7468	350.253	63.6274	355.747	213.731	54.867	67.6206	93.2771	80.7039	75.1268	162.87	65.0647	294.699	13.4489	138.661	0.0	0.0	34.2532	20.5939	17.7854	101.948	19.6727	20.6114	2.46305	51.3273	67.6327	73.6665	44.9055	0.0	8.94224	130.089	19.5017	106.232	162.681	17.714	10.7423	56.3384	106.294	63.1518	9.51736	97.8775	73.4184	292.297	113.294	3.55577	170.219	2.77964	3.57233	2.06559	39.5922	33.9261	53.0021	218.339	60.6311	0.0	10.9469	110.776	216.414	13.3907	27.5611	22.7741	104.723	104.771	73.1959	0.0	97.2434	251.358	9.80883	122.821	112.438	104.343	34.9164	17.2737	123.638	133.46	45.8334	74.8357	27.6357	9.89685	87.783	40.3933	100.479	9.21864	138.223	86.2775	71.6669	3.37396	68.2029	122.841	145.53	35.2501	11.0709	87.0096	52.4791	0.0	145.006	83.4441	353.19	118.997	119.473	123.525	95.4645	29.8414	73.8687	205.515	14.7632	90.1818	81.3417	0.0	10.3481	18.3068	181.951	160.431	9.636	50.7463	126.587	210.12	80.8218	98.2803	55.1366	5.92374	16.1374	80.6034	33.2355	152.895	137.568	114.729	133.077	110.73	47.5903	154.795	51.6612	21.5478	0.0	109.187	191.369	100.272	14.9493	0.0	164.631	35.916	45.1195	55.5799	0.0	112.176	0.0	86.0431	32.4018	68.1767	227.569	62.6974	71.0093	13.7023	191.48	59.0779	49.9268	46.7845	291.434	38.0142	8.25561	28.7544	94.1357	34.3873	115.562	108.17	272.176	57.961	4.90475	27.6942	285.248	281.552	17.1994	20.918	40.4156	10.167	22.848	42.2341	50.4163	84.0724	0.0	63.7057	71.4582	101.837	57.387	155.931	86.7976	8.79302	9.56838	128.041	51.6469	75.1748	83.2002	137.708	11.9744	64.5033	105.165	20.4912	7.17236	251.306	61.8495	45.7755	83.1375	0.0	11.0362	55.6891	78.4566	492.187	89.7984	16.2027	8.13417	0.0	64.677	268.004	14.2975	14.3507	104.829	118.484	3.54725	260.815	53.4413	124.822	60.9934	10.3799	100.638	15.9846	0.0	42.5854	40.0321	153.913	111.654	19.7607	91.3422	122.258	37.4832	126.491	44.4739	8.17705	33.3951	0.0	179.718	0.0	223.007	131.862	94.2868	35.9805	4.4474	100.381	56.4005	16.6538	8.20673	3.19512	3.36877	5.48575	39.7208	7.45362	0.0	96.4511	22.7968	14.7636	226.889	0.0
MGB043	0.0	0.0	0.0	0.0	0.0	0.0	0.0	0.0	0.0	0.0	0.0	0.0	79.1142	0.0	0.0	0.0	0.0	0.0	0.0	0.0	0.0	0.0	34.0023	0.0	0.0	0.0	0.0	0.0	0.0	0.0	62.1406	0.0	0.0	0.0	0.0	0.0	0.0	0.0	0.0	0.0	0.0	0.0	0.0	0.0	0.0	0.0	0.0	0.0	0.0	0.0	0.0	0.0	0.0	0.0	0.0	18.4646	0.0	0.0	0.0	0.0	0.0	0.0	0.0	0.0	0.0	0.0	0.0	0.0	0.0	0.0	0.0	0.0	0.0	39.0986	0.0	0.0	0.0	0.0	0.0	0.0	111.141	0.0	0.0	0.0	0.0	29.409	0.0	0.0	0.0	0.0	0.0	0.0	0.0	0.0	0.0	0.0	0.0	0.0	0.0	0.0	0.0	0.0	0.0	0.0	0.0	0.0	11.1704	0.0	0.0	0.0	0.0	0.0	0.0	0.0	0.0	0.0	0.0	0.0	0.0	0.0	0.0	0.0	0.0	0.0	0.0	0.0	0.0	0.0	0.0	0.0	0.0	0.0	0.0	0.0	0.0	0.0	0.0	0.0	0.0	0.0	0.0	0.0	0.0	0.0	0.0	0.0	0.0	0.0	0.0	0.0	0.0	0.0	0.0	0.0	0.0	0.0	0.0	0.0	0.0	0.0	0.0	0.0	0.0	0.0	0.0	0.0	0.0	0.0	0.0	0.0	0.0	0.0	0.0	0.0	0.0	122.916	0.0	0.0	0.0	0.0	0.0	0.0	0.0	25.7157	21.817	0.0	0.0	0.0	0.0	0.0	0.0	0.0	0.0	0.0	0.0	0.0	0.0	0.0	0.0	0.0	0.0	0.0	134.568	0.0	0.0	0.0	0.0	0.0	0.0	0.0	0.0	0.0	0.0	0.0	0.0	0.0	0.0	0.0	0.0	0.0	0.0	0.0	0.0	0.0	0.0	20.9216	0.0	0.0	0.0	0.0	0.0	0.0	0.0	0.0	0.0	91.1167	0.0	0.0	0.0	9.38562	0.0	0.0	0.0	0.0	0.0	0.0	0.0	0.0	0.0	0.0	0.0	0.0	0.0	0.0	0.0	0.0	0.0	0.0	0.0	0.0	0.0	0.0	0.0	17.1853	0.0	0.0	0.0	0.0	0.0	0.0	0.0	0.0	0.0	0.0	0.0	13.8253	0.0	0.0	0.0	0.0	0.0	0.0	0.0	0.0	0.0	0.0	0.0	0.0	0.0	0.0	0.0	0.0	0.0	0.0	0.0	0.0	0.0	0.0	0.0	0.0	0.0	0.0	0.0	0.0	0.0	0.0	0.0	0.0	0.0	54.1356	0.0	0.0	0.0	0.0	0.0	0.0	0.0	0.0	0.0	0.0	0.0	0.0	0.0	0.0	0.0	0.0	0.0	0.0	0.0	0.0	0.0	0.0	0.0	9.177	0.0
MGB008	137.138	82.8165	0.0	10.4565	272.549	45.3475	124.232	242.424	78.0301	73.4267	239.478	73.9885	105.713	252.124	112.302	99.1871	0.0	72.8933	0.0	106.058	25.7808	41.5183	32.6966	58.5099	345.76	155.33	54.1571	15.8058	8.48225	31.3556	304.108	66.5029	65.1737	117.015	2.31508	5.22322	0.0	24.8931	101.385	74.0598	239.284	41.2652	97.7475	89.4122	258.245	0.0	37.9311	34.3844	2.1716	195.278	0.0	241.637	53.6074	0.0	11.0377	11.2934	144.916	54.4217	0.0	8.69917	186.605	0.0	312.927	12.4981	256.808	167.408	138.477	62.1526	212.779	0.0	4.02032	246.365	177.781	274.102	66.0796	0.0	50.8888	68.1832	222.448	67.4349	80.6843	109.318	96.5119	121.007	207.496	70.4926	474.347	16.0604	180.182	0.0	0.0	23.7048	14.4302	13.9683	62.9287	25.2641	3.09993	5.8932	28.5923	80.5669	57.9784	76.8324	0.0	2.39866	178.401	7.18407	109.278	176.027	26.0384	15.2497	53.936	118.053	34.349	0.0	42.6159	83.1567	347.241	36.6309	0.0	183.319	0.0	0.0	0.0	60.5226	30.811	54.8402	244.6	77.4758	0.0	1.27524	153.841	264.272	11.3453	30.4188	22.7702	181.167	147.639	85.0875	0.0	105.456	357.6	12.7053	164.486	143.929	0.0	39.7564	18.7636	210.01	180.012	64.1967	79.093	34.8297	14.6691	84.5558	51.3888	29.606	14.2313	171.407	124.811	113.024	1.96061	66.9718	122.475	180.185	3.54194	9.27124	145.758	74.4273	0.0	207.863	94.951	0.0	99.8196	184.187	144.615	142.442	40.7758	23.116	172.545	11.3301	136.25	135.206	0.0	10.2722	12.7726	240.368	115.709	10.5069	41.9298	194.945	233.498	85.7545	104.39	56.8482	6.95561	34.577	75.5126	18.5709	20.3522	205.711	125.472	165.215	137.323	58.5879	112.889	66.9685	27.4311	0.0	49.3678	264.511	97.8293	19.3287	0.0	163.127	44.4488	0.0	31.8014	0.0	134.758	0.0	95.667	59.9359	97.5017	316.707	80.2749	34.5543	22.8164	222.996	10.4949	22.5886	39.5873	406.989	35.3252	12.2152	29.2432	100.992	32.7716	142.227	131.364	355.556	66.0889	5.07889	5.52618	466.608	0.0	14.0272	28.0468	34.2594	4.2482	23.0488	40.962	44.2397	116.496	0.0	0.0	76.314	129.283	2.38522	263.325	83.1966	14.686	11.8068	180.513	60.0317	47.1159	83.9863	162.495	3.22694	91.2972	0.0	8.1836	13.4265	311.98	34.6948	58.9123	90.564	0.0	0.0	0.0	38.746	0.0	97.8965	0.0	6.97371	0.0	109.832	254.18	24.1865	10.8209	52.2052	159.222	1.17379	141.873	71.7579	184.08	7.13115	0.0	77.4815	0.0	0.0	48.7588	16.7997	221.526	99.9353	22.3424	122.244	172.317	18.6419	173.054	22.969	8.18976	45.6691	0.0	266.368	0.0	236.438	143.81	88.3189	0.0	1.65118	148.1	61.6156	22.7776	13.4007	0.0	5.11942	0.0	37.0808	9.76206	0.0	124.524	29.9863	20.487	285.7	0.0
