Module	A1_S1_interleaved_Abundance-RPKs	M9_S28_interleaved_Abundance-RPKs	A12_S12_interleaved_Abundance-RPKs	B6_S18_interleaved_Abundance-RPKs	C4_S28_interleaved_Abundance-RPKs	O5_S48_interleaved_Abundance-RPKs	I12_S108_interleaved_Abundance-RPKs	E2_S50_interleaved_Abundance-RPKs	G6_S78_interleaved_Abundance-RPKs	G8_S80_interleaved_Abundance-RPKs	U5_S120_interleaved_Abundance-RPKs	F8_S68_interleaved_Abundance-RPKs	P5_S60_interleaved_Abundance-RPKs	k4_S124_interleaved_Abundance-RPKs	M1_S20_interleaved_Abundance-RPKs	O7_S50_interleaved_Abundance-RPKs	V3_S64_interleaved_Abundance-RPKs	D2_S38_interleaved_Abundance-RPKs	H6_S90_interleaved_Abundance-RPKs	A2_S2_interleaved_Abundance-RPKs	W12_S85_interleaved_Abundance-RPKs	N7_S38_interleaved_Abundance-RPKs	J3_S111_interleaved_Abundance-RPKs	W2_S75_interleaved_Abundance-RPKs	D12_S48_interleaved_Abundance-RPKs	F11_S71_interleaved_Abundance-RPKs	C10_S34_interleaved_Abundance-RPKs	O10_S53_interleaved_Abundance-RPKs	V10_S71_interleaved_Abundance-RPKs	H5_S89_interleaved_Abundance-RPKs	B8_S20_interleaved_Abundance-RPKs	Q3_S70_interleaved_Abundance-RPKs	S7_S98_interleaved_Abundance-RPKs	D4_S40_interleaved_Abundance-RPKs	R1_S80_interleaved_Abundance-RPKs	A3_S3_interleaved_Abundance-RPKs	P3_S58_interleaved_Abundance-RPKs	R9_S88_interleaved_Abundance-RPKs	I3_S99_interleaved_Abundance-RPKs	Q1_S68_interleaved_Abundance-RPKs	C6_S30_interleaved_Abundance-RPKs	A11_S11_interleaved_Abundance-RPKs	H10_S94_interleaved_Abundance-RPKs	B5_S17_interleaved_Abundance-RPKs	P2_S57_interleaved_Abundance-RPKs	M12_S31_interleaved_Abundance-RPKs	E9_S57_interleaved_Abundance-RPKs	C5_S29_interleaved_Abundance-RPKs	J10_S118_interleaved_Abundance-RPKs	J6_S114_interleaved_Abundance-RPKs	U2_S117_interleaved_Abundance-RPKs	F9_S69_interleaved_Abundance-RPKs	P6_S61_interleaved_Abundance-RPKs	U4_S119_interleaved_Abundance-RPKs	P12_S67_interleaved_Abundance-RPKs	O6_S49_interleaved_Abundance-RPKs	M2_S21_interleaved_Abundance-RPKs	G9_S81_interleaved_Abundance-RPKs	E1_S49_interleaved_Abundance-RPKs	L2_S9_interleaved_Abundance-RPKs	G5_S77_interleaved_Abundance-RPKs	D1_S37_interleaved_Abundance-RPKs	V2_S63_interleaved_Abundance-RPKs	S9_S100_interleaved_Abundance-RPKs	N6_S37_interleaved_Abundance-RPKs	F1_S61_interleaved_Abundance-RPKs	W11_S84_interleaved_Abundance-RPKs	W1_S74_interleaved_Abundance-RPKs	L10_S17_interleaved_Abundance-RPKs	A5_S5_interleaved_Abundance-RPKs	B9_S21_interleaved_Abundance-RPKs	F10_S70_interleaved_Abundance-RPKs	k1_S121_interleaved_Abundance-RPKs	C11_S35_interleaved_Abundance-RPKs	H4_S88_interleaved_Abundance-RPKs	L3_S10_interleaved_Abundance-RPKs	D5_S41_interleaved_Abundance-RPKs	J9_S117_interleaved_Abundance-RPKs	J11_S119_interleaved_Abundance-RPKs	R12_S91_interleaved_Abundance-RPKs	T10_S113_interleaved_Abundance-RPKs	R2_S81_interleaved_Abundance-RPKs	J8_S116_interleaved_Abundance-RPKs	S6_S97_interleaved_Abundance-RPKs	Q2_S69_interleaved_Abundance-RPKs	U12_S54_interleaved_Abundance-RPKs	C2_S26_interleaved_Abundance-RPKs	O3_S46_interleaved_Abundance-RPKs	A10_S10_interleaved_Abundance-RPKs	B4_S16_interleaved_Abundance-RPKs	E4_S52_interleaved_Abundance-RPKs	Q5_S72_interleaved_Abundance-RPKs	G4_S76_interleaved_Abundance-RPKs	M3_S22_interleaved_Abundance-RPKs	J5_S113_interleaved_Abundance-RPKs	W4_S77_interleaved_Abundance-RPKs	N5_S36_interleaved_Abundance-RPKs	A7_S7_interleaved_Abundance-RPKs	F2_S62_interleaved_Abundance-RPKs	O12_S55_interleaved_Abundance-RPKs	V5_S66_interleaved_Abundance-RPKs	k6_S1_interleaved_Abundance-RPKs	L11_S18_interleaved_Abundance-RPKs	N10_S41_interleaved_Abundance-RPKs	L4_S11_interleaved_Abundance-RPKs	J2_S110_interleaved_Abundance-RPKs	C12_S36_interleaved_Abundance-RPKs	V12_S73_interleaved_Abundance-RPKs	E10_S58_interleaved_Abundance-RPKs	R11_S90_interleaved_Abundance-RPKs	R3_S82_interleaved_Abundance-RPKs	S5_S96_interleaved_Abundance-RPKs	S11_S102_interleaved_Abundance-RPKs	I1_S97_interleaved_Abundance-RPKs	S12_S103_interleaved_Abundance-RPKs	R4_S83_interleaved_Abundance-RPKs	G3_S75_interleaved_Abundance-RPKs	B3_S15_interleaved_Abundance-RPKs	T1_S104_interleaved_Abundance-RPKs	O4_S47_interleaved_Abundance-RPKs	C3_S27_interleaved_Abundance-RPKs	Q4_S71_interleaved_Abundance-RPKs	B10_S22_interleaved_Abundance-RPKs	A4_S4_interleaved_Abundance-RPKs	D3_S39_interleaved_Abundance-RPKs	E3_S51_interleaved_Abundance-RPKs	T3_S106_interleaved_Abundance-RPKs	M4_S23_interleaved_Abundance-RPKs	N4_S35_interleaved_Abundance-RPKs	F3_S63_interleaved_Abundance-RPKs	F12_S72_interleaved_Abundance-RPKs	V4_S65_interleaved_Abundance-RPKs	O11_S54_interleaved_Abundance-RPKs	T5_S108_interleaved_Abundance-RPKs	W3_S76_interleaved_Abundance-RPKs	L5_S12_interleaved_Abundance-RPKs	T4_S107_interleaved_Abundance-RPKs	T9_S112_interleaved_Abundance-RPKs	V11_S72_interleaved_Abundance-RPKs	T7_S110_interleaved_Abundance-RPKs	P4_S59_interleaved_Abundance-RPKs	H2_S86_interleaved_Abundance-RPKs	T6_S109_interleaved_Abundance-RPKs	R10_S89_interleaved_Abundance-RPKs	L12_S19_interleaved_Abundance-RPKs	Y4_S89_interleaved_Abundance-RPKs	T8_S111_interleaved_Abundance-RPKs	I2_S98_interleaved_Abundance-RPKs	S4_S95_interleaved_Abundance-RPKs	U9_S51_interleaved_Abundance-RPKs	L1_S8_interleaved_Abundance-RPKs	F4_S64_interleaved_Abundance-RPKs	R5_S84_interleaved_Abundance-RPKs	k12_S7_interleaved_Abundance-RPKs	E6_S54_interleaved_Abundance-RPKs	S3_S94_interleaved_Abundance-RPKs	G2_S74_interleaved_Abundance-RPKs	J7_S115_interleaved_Abundance-RPKs	D8_S44_interleaved_Abundance-RPKs	U3_S118_interleaved_Abundance-RPKs	Y3_S88_interleaved_Abundance-RPKs	B2_S14_interleaved_Abundance-RPKs	Q12_S79_interleaved_Abundance-RPKs	W7_S80_interleaved_Abundance-RPKs	O1_S44_interleaved_Abundance-RPKs	Q7_S74_interleaved_Abundance-RPKs	W6_S79_interleaved_Abundance-RPKs	J1_S109_interleaved_Abundance-RPKs	B11_S23_interleaved_Abundance-RPKs	V8_S69_interleaved_Abundance-RPKs	M5_S24_interleaved_Abundance-RPKs	N3_S34_interleaved_Abundance-RPKs	P9_S64_interleaved_Abundance-RPKs	k9_S4_interleaved_Abundance-RPKs	T2_S105_interleaved_Abundance-RPKs	H3_S55_interleaved_Abundance-RPKs	L6_S13_interleaved_Abundance-RPKs	S10_S101_interleaved_Abundance-RPKs	G11_S83_interleaved_Abundance-RPKs	N12_S43_interleaved_Abundance-RPKs	V9_S70_interleaved_Abundance-RPKs	U-2-7_S56_interleaved_Abundance-RPKs	k10_S5_interleaved_Abundance-RPKs	G1_S73_interleaved_Abundance-RPKs	S2_S93_interleaved_Abundance-RPKs	T11_S114_interleaved_Abundance-RPKs	C1_S25_interleaved_Abundance-RPKs	I11_S107_interleaved_Abundance-RPKs	O2_S45_interleaved_Abundance-RPKs	D9_S45_interleaved_Abundance-RPKs	R6_S85_interleaved_Abundance-RPKs	Y2_S87_interleaved_Abundance-RPKs	M6_S25_interleaved_Abundance-RPKs	Q6_S73_interleaved_Abundance-RPKs	E5_S53_interleaved_Abundance-RPKs	H1_S85_interleaved_Abundance-RPKs	k7_S2_interleaved_Abundance-RPKs	k5_S125_interleaved_Abundance-RPKs	J12_S120_interleaved_Abundance-RPKs	E12_S60_interleaved_Abundance-RPKs	J4_S112_interleaved_Abundance-RPKs	N2_S33_interleaved_Abundance-RPKs	B12_S24_interleaved_Abundance-RPKs	U6_S121_interleaved_Abundance-RPKs	W5_S78_interleaved_Abundance-RPKs	k3_S123_interleaved_Abundance-RPKs	F5_S65_interleaved_Abundance-RPKs	H9_S93_interleaved_Abundance-RPKs	V6_S67_interleaved_Abundance-RPKs	k2_S122_interleaved_Abundance-RPKs	k11_S6_interleaved_Abundance-RPKs	L7_S14_interleaved_Abundance-RPKs	E11_S59_interleaved_Abundance-RPKs	A8_S8_interleaved_Abundance-RPKs	B1_S13_interleaved_Abundance-RPKs	N11_S42_interleaved_Abundance-RPKs	G12_S84_interleaved_Abundance-RPKs	C9_S33_interleaved_Abundance-RPKs	Q9_S76_interleaved_Abundance-RPKs	S1_S92_interleaved_Abundance-RPKs	M7_S26_interleaved_Abundance-RPKs	A6_S6_interleaved_Abundance-RPKs	R7_S86_interleaved_Abundance-RPKs	U-2-12_S61_interleaved_Abundance-RPKs	Y1_S86_interleaved_Abundance-RPKs	P1_S56_interleaved_Abundance-RPKs	Q10_S77_interleaved_Abundance-RPKs	L9_S16_interleaved_Abundance-RPKs	H11_S95_interleaved_Abundance-RPKs	E8_S56_interleaved_Abundance-RPKs	I4_S100_interleaved_Abundance-RPKs	T12_S115_interleaved_Abundance-RPKs	O9_S52_interleaved_Abundance-RPKs	P11_S66_interleaved_Abundance-RPKs	N1_S32_interleaved_Abundance-RPKs	P7_S62_interleaved_Abundance-RPKs	M11_S30_interleaved_Abundance-RPKs	I10_S106_interleaved_Abundance-RPKs	F6_S66_interleaved_Abundance-RPKs	V1_S62_interleaved_Abundance-RPKs	W10_S83_interleaved_Abundance-RPKs	H8_S92_interleaved_Abundance-RPKs	W9_S82_interleaved_Abundance-RPKs	C8_S32_interleaved_Abundance-RPKs	D6_S42_interleaved_Abundance-RPKs	U1_S116_interleaved_Abundance-RPKs	D10_S46_interleaved_Abundance-RPKs	U-2-9_S58_interleaved_Abundance-RPKs	U11_S53_interleaved_Abundance-RPKs	E7_S55_interleaved_Abundance-RPKs	Q8_S75_interleaved_Abundance-RPKs	M8_S27_interleaved_Abundance-RPKs	Q11_S78_interleaved_Abundance-RPKs	I5_S101_interleaved_Abundance-RPKs	U-2-11_S60_interleaved_Abundance-RPKs	H12_S96_interleaved_Abundance-RPKs	L8_S15_interleaved_Abundance-RPKs	W8_S81_interleaved_Abundance-RPKs	U9_S122_interleaved_Abundance-RPKs	A9_S9_interleaved_Abundance-RPKs	G7_S79_interleaved_Abundance-RPKs	O8_S51_interleaved_Abundance-RPKs	M10_S29_interleaved_Abundance-RPKs	P10_S65_interleaved_Abundance-RPKs	H7_S91_interleaved_Abundance-RPKs	N8_S39_interleaved_Abundance-RPKs	V7_S68_interleaved_Abundance-RPKs	F7_S67_interleaved_Abundance-RPKs	P8_S63_interleaved_Abundance-RPKs	I9_S105_interleaved_Abundance-RPKs	U10_S123_interleaved_Abundance-RPKs	U-2-10_S59_interleaved_Abundance-RPKs	I8_S104_interleaved_Abundance-RPKs	U11_S124_interleaved_Abundance-RPKs	N9_S40_interleaved_Abundance-RPKs	k8_S3_interleaved_Abundance-RPKs	I7_S103_interleaved_Abundance-RPKs	U12_S125_interleaved_Abundance-RPKs	G10_S82_interleaved_Abundance-RPKs	D7_S43_interleaved_Abundance-RPKs	R8_S87_interleaved_Abundance-RPKs	B7_S19_interleaved_Abundance-RPKs	U-2-8_S57_interleaved_Abundance-RPKs	D11_S47_interleaved_Abundance-RPKs	U10_S52_interleaved_Abundance-RPKs	I6_S102_interleaved_Abundance-RPKs	C7_S31_interleaved_Abundance-RPKs	S8_S99_interleaved_Abundance-RPKs
MGB037	0.0	0.0	0.0	0.0	0.0	0.0	0.0	0.0	0.0	0.0	0.0	0.0	0.0	0.0	0.0	0.0	0.0	0.0	0.0	0.0	0.0	0.0	0.0	0.0	0.0	0.0	0.0	0.0	0.0	0.0	0.0	0.0	93.64511999999999	0.0	0.0	0.0	0.0	0.0	0.0	0.0	0.0	0.0	0.0	0.0	0.0	0.0	0.0	0.0	0.0	0.0	0.0	0.0	0.0	0.0	0.0	0.0	0.0	0.0	0.0	0.0	0.0	0.0	0.0	36.01104	0.0	0.0	0.0	0.0	0.0	125.20016	0.0	0.0	0.0	0.0	0.0	0.0	0.0	0.0	0.0	0.0	0.0	0.0	0.0	126.79841499999999	0.0	0.0	0.0	0.0	0.0	0.0	0.0	0.0	0.0	0.0	0.0	0.0	0.0	0.0	0.0	0.0	0.0	0.0	0.0	0.0	0.0	0.0	0.0	0.0	0.0	0.0	0.0	0.0	0.0	0.0	0.0	0.0	0.0	0.0	0.0	14.93161	0.0	0.0	0.0	0.0	0.0	0.0	0.0	0.0	0.0	0.0	0.0	0.0	0.0	0.0	0.0	0.0	0.0	0.0	0.0	0.0	0.0	0.0	0.0	0.0	0.0	0.0	0.0	0.0	0.0	0.0	0.0	0.0	0.0	0.0	0.0	0.0	0.0	0.0	0.0	0.0	0.0	0.0	0.0	0.0	0.0	0.0	0.0	0.0	0.0	0.0	0.0	0.0	0.0	0.0	0.0	0.0	0.0	0.0	0.0	0.0	0.0	0.0	0.0	0.0	0.0	0.0	0.0	0.0	0.0	0.0	0.0	0.0	0.0	0.0	0.0	0.0	0.0	0.0	0.0	0.0	0.0	0.0	0.0	0.0	0.0	0.0	0.0	0.0	0.0	0.0	0.0	0.0	0.0	0.0	0.0	0.0	0.0	0.0	0.0	0.0	0.0	0.0	0.0	0.0	0.0	0.0	0.0	0.0	0.0	0.0	0.0	0.0	0.0	0.0	0.0	0.0	0.0	0.0	0.0	0.0	0.0	0.0	0.0	0.0	0.0	0.0	0.0	0.0	0.0	0.0	0.0	0.0	0.0	0.0	0.0	0.0	0.0	0.0	0.0	0.0	0.0	0.0	0.0	0.0	0.0	0.0	0.0	0.0	0.0	0.0	0.0	0.0	0.0	0.0	0.0	0.0	0.0	0.0	0.0	0.0	0.0	0.0	0.0	0.0	0.0	0.0	0.0	40.1699
MGB015	0.0	0.0	0.0	0.0	0.0	0.0	0.0	0.0	0.0	0.0	0.0	0.0	0.0	0.0	0.0	0.0	0.0	0.0	0.0	0.0	0.0	0.0	0.0	0.0	0.0	0.0	0.0	0.0	0.0	0.0	0.0	0.0	0.0	0.0	0.0	0.0	0.0	0.0	0.0	0.0	0.0	0.0	0.0	0.0	0.0	0.0	0.0	0.0	0.0	0.0	0.0	0.0	0.0	0.0	0.0	0.0	0.0	0.0	0.0	0.0	0.0	0.0	0.0	0.0	0.0	0.0	0.0	0.0	0.0	161.306	0.0	0.0	0.0	0.0	0.0	0.0	0.0	0.0	0.0	0.0	154.744	0.0	0.0	0.0	0.0	0.0	0.0	0.0	0.0	0.0	0.0	0.0	0.0	0.0	0.0	0.0	0.0	0.0	0.0	0.0	0.0	0.0	0.0	0.0	0.0	0.0	0.0	0.0	0.0	0.0	0.0	0.0	0.0	0.0	0.0	0.0	0.0	0.0	0.0	0.0	0.0	0.0	0.0	0.0	0.0	0.0	0.0	0.0	0.0	0.0	0.0	0.0	0.0	0.0	0.0	0.0	0.0	0.0	0.0	0.0	0.0	0.0	0.0	0.0	0.0	0.0	0.0	0.0	0.0	0.0	0.0	0.0	0.0	0.0	0.0	0.0	0.0	0.0	0.0	0.0	162.114	0.0	0.0	0.0	0.0	0.0	0.0	0.0	0.0	0.0	0.0	0.0	0.0	0.0	0.0	0.0	0.0	0.0	0.0	0.0	0.0	0.0	0.0	0.0	0.0	0.0	0.0	0.0	0.0	0.0	0.0	0.0	0.0	0.0	0.0	0.0	0.0	0.0	0.0	0.0	0.0	0.0	0.0	0.0	0.0	0.0	0.0	0.0	0.0	0.0	0.0	0.0	0.0	0.0	0.0	0.0	0.0	0.0	0.0	0.0	0.0	0.0	0.0	0.0	0.0	0.0	0.0	0.0	0.0	0.0	0.0	0.0	0.0	0.0	0.0	0.0	0.0	0.0	0.0	0.0	0.0	0.0	0.0	0.0	0.0	0.0	0.0	0.0	0.0	0.0	0.0	0.0	0.0	0.0	0.0	0.0	0.0	0.0	0.0	0.0	0.0	0.0	0.0	0.0	0.0	0.0	0.0	0.0	0.0	0.0	0.0	0.0	0.0	0.0	0.0	0.0	0.0	0.0	0.0	0.0	0.0	0.0	0.0	0.0	0.0	0.0	0.0	0.0
MGB016	0.0	0.0	0.0	0.0	0.0	0.0	0.0	57.196	0.0	0.0	0.0	7.0525	0.0	0.0	0.0	0.0	0.0	0.0	4.29261	0.0	0.0	0.0	0.0	0.0	0.0	16.4399	0.0	0.0	0.0	0.0	0.0	14.8036	0.0	0.0	0.0	0.0	0.0	0.0	0.0	0.0	0.0	0.0	0.0	5.2382	0.0	0.0	2.1447	0.0	0.0	0.0	49.72505	1.71051	0.0	0.0	0.0	0.0	0.0	0.0	0.0	36.75105	1.65318	0.0	0.0	0.0	0.0	4.536045	0.0	0.0	0.0	0.0	0.0	21.3531	0.0	0.0	17.4174	9.66625	0.0	0.0	0.0	0.0	0.0	1.99305	0.0	0.0	0.0	0.0	0.0	0.0	0.0	9.694	5.25915	0.599035	2.148985	0.0	0.0	0.0	0.0	0.0	65.331	0.0	0.0	0.0	0.0	0.0	22.21755	0.0	0.0	0.0	42.30595	0.0	0.0	0.0	0.0	0.0	0.0	0.0	0.0	15.1938	0.0	0.0	0.0	0.0	0.0	147.909	0.0	0.0	0.0	0.0	16.729	1.52927	14.9935	0.0	0.0	0.0	0.0	0.0	0.0	170.4185	0.0	0.0	0.0	145.231	0.0	0.0	0.0	0.0	0.0	0.0	0.0	0.0	0.0	6.9341	0.0	0.0	47.3815	0.0	0.0	0.0	15.62125	0.0	0.0	53.5385	3.01651	0.0	0.0	0.0	0.0	0.0	0.0	0.0	0.0	6.0637	0.0	0.0	0.0	0.0	0.0	0.0	2.090125	0.0	0.0	0.0	0.0	3.41908	0.0	0.0	0.0	0.0	0.0	33.8373	0.0	0.0	0.0	0.0	0.0	0.0	0.0	0.0	0.0	24.8496	0.0	27.1225	0.0	0.0	0.0	0.0	0.0	0.0	0.0	0.0	0.0	0.0	18.15785	0.0	0.0	0.0	0.0	0.0	0.0	0.0	0.0	0.0	0.0	0.0	126.0995	0.0	0.0	0.0	0.0	11.1088	0.0	0.0	0.0	0.0	0.0	0.0	0.0	0.0	5.2732	0.0	0.0	3.12666	0.0	0.0	3.743405	0.0	0.0	0.0	0.0	9.96425	0.0	0.0	2.49648	0.0	0.0	0.0	0.0	0.0	0.0	0.0	0.0	0.0	0.0	0.0	0.0	0.0	0.0	4.461475	0.0	0.0	3.115975	0.0	0.0	0.0	0.0	0.0	0.0	0.0	0.0	12.33865	0.0	0.0	0.0	0.0	6.99185	0.0	0.0	0.0
MGB038	0.0	0.0	0.0	0.0	0.0	0.0	0.0	0.0	0.0	6.77096	0.0	0.0	0.0	0.0	0.0	0.0	0.0	0.0	0.0	0.0	0.0	0.0	0.0	0.0	0.0	0.0	0.0	0.0	0.0	1.84185	0.0	30.4755	0.0	0.0	0.0	0.0	0.0	0.0	0.0	0.0	0.0	0.0	0.0	0.0	0.0	0.0	0.0	0.0	0.0	0.0	0.0	0.0	0.0	0.0	0.0	0.0	0.0	0.0	0.0	0.0	0.0	0.0	0.0	0.0	0.0	0.0	0.0	0.0	0.0	65.1183	0.0	0.0	0.0	0.0	14.5353	0.0	0.0	0.0	0.0	0.0	58.3862	0.0	0.0	0.0	0.0	0.0	0.0	0.0	0.0	0.0	0.0	4.52937	0.0	0.0	0.0	0.0	0.0	0.0	0.0	0.0	0.0	0.0	0.0	0.0	0.0	0.0	0.0	0.0	0.0	0.0	0.0	0.0	0.0	0.0	0.0	0.0	0.0	0.0	0.0	0.0	0.0	0.0	0.0	0.0	0.0	0.0	0.0	0.0	0.0	0.0	0.0	0.0	0.0	0.0	0.0	0.0	0.0	0.0	0.0	0.0	0.0	0.0	0.0	0.0	0.0	0.0	0.0	0.0	0.0	0.0	0.0	0.0	0.0	0.0	0.0	0.0	0.0	0.0	0.0	0.0	46.7041	0.0	0.0	0.0	0.0	0.0	0.0	0.0	0.0	0.0	0.0	0.0	0.0	0.0	0.0	0.0	0.0	0.0	0.0	0.0	0.0	0.0	0.0	0.0	0.0	0.0	0.0	0.0	0.0	0.0	0.0	0.0	0.0	0.0	0.0	2.88584	0.0	0.0	0.0	0.0	0.0	0.0	0.0	0.0	0.0	0.0	0.0	0.0	0.0	0.0	0.0	0.0	0.0	0.0	0.0	0.0	4.40229	0.0	0.0	0.0	0.0	0.0	0.0	0.0	0.0	0.0	0.0	0.0	0.0	0.0	0.0	0.0	0.0	0.0	0.0	0.0	0.0	0.0	0.0	0.0	0.0	3.24621	0.0	0.0	0.0	0.0	0.0	0.0	0.0	0.0	0.0	0.0	0.0	0.0	0.0	0.0	0.0	0.0	0.0	0.0	0.0	0.0	0.0	0.0	0.0	0.0	0.0	0.0	0.0	0.0	0.0	0.0	0.0	0.0	0.0	0.0	0.0	4.00846	0.0	0.0	0.0	0.0	0.0	0.0	0.0	0.0	0.0	0.0
MGB039	0.0	0.0	0.0	0.0	0.0	0.0	0.0	0.0	0.0	0.0	0.0	0.0	0.0	0.0	0.0	0.0	0.0	0.0	0.0	0.0	0.0	0.0	0.0	0.0	0.0	0.0	0.0	0.0	0.0	0.0	0.0	0.0	0.0	0.0	0.0	0.0	0.0	0.0	0.0	0.0	0.0	0.0	0.0	0.0	0.0	0.0	0.0	0.0	0.0	0.0	0.0	0.0	0.0	0.0	0.0	0.0	0.0	0.0	0.0	0.0	0.0	0.0	0.0	0.0	0.0	0.0	0.0	0.0	0.0	152.247	0.0	0.0	0.0	0.0	0.0	0.0	0.0	0.0	0.0	0.0	142.436	0.0	0.0	0.0	0.0	0.0	0.0	0.0	0.0	0.0	0.0	0.0	0.0	0.0	0.0	0.0	0.0	0.0	0.0	0.0	0.0	0.0	0.0	0.0	0.0	0.0	0.0	0.0	0.0	0.0	0.0	0.0	0.0	0.0	0.0	0.0	0.0	0.0	0.0	0.0	0.0	0.0	0.0	0.0	0.0	0.0	0.0	0.0	0.0	0.0	0.0	0.0	0.0	0.0	0.0	0.0	0.0	0.0	0.0	0.0	0.0	0.0	0.0	0.0	0.0	0.0	0.0	0.0	0.0	0.0	0.0	0.0	0.0	0.0	0.0	0.0	0.0	0.0	0.0	0.0	134.039	0.0	0.0	0.0	0.0	0.0	0.0	0.0	0.0	0.0	0.0	0.0	0.0	0.0	0.0	0.0	0.0	0.0	0.0	0.0	0.0	0.0	0.0	0.0	0.0	0.0	0.0	0.0	0.0	0.0	0.0	0.0	0.0	0.0	0.0	0.0	0.0	0.0	0.0	0.0	0.0	0.0	0.0	0.0	0.0	0.0	0.0	0.0	0.0	0.0	0.0	0.0	0.0	0.0	0.0	0.0	0.0	0.0	0.0	0.0	0.0	0.0	0.0	0.0	0.0	0.0	0.0	0.0	0.0	0.0	0.0	0.0	0.0	0.0	0.0	0.0	0.0	0.0	0.0	0.0	0.0	0.0	0.0	0.0	0.0	0.0	0.0	0.0	0.0	0.0	0.0	0.0	0.0	0.0	0.0	0.0	0.0	0.0	0.0	0.0	0.0	0.0	0.0	0.0	0.0	0.0	0.0	0.0	0.0	0.0	0.0	0.0	0.0	0.0	0.0	0.0	0.0	0.0	0.0	0.0	0.0	0.0	0.0	0.0	0.0	0.0	0.0	0.0
MGB018	0.0	0.0	0.0	0.0	0.0	0.0	0.0	0.0	0.0	0.0	0.0	0.0	0.0	0.0	0.0	0.0	0.0	0.0	0.0	0.0	0.0	0.0	0.0	0.0	0.0	0.0	0.0	0.0	0.0	0.0	0.0	0.0	4.87101	0.0	0.0	0.0	0.0	0.0	0.0	0.0	0.0	0.0	0.0	0.0	0.0	0.0	0.0	0.0	0.0	0.0	0.0	0.0	0.0	0.0	0.0	0.0	0.0	0.0	0.0	0.0	0.0	0.0	0.0	1.84425	0.0	0.0	0.0	0.0	0.0	0.0	0.0	0.0	0.0	0.0	0.0	0.0	0.0	0.0	0.0	0.0	2.33969	0.0	0.0	0.0	0.0	0.0	0.0	0.0	0.0	0.0	0.0	0.0	0.0	0.0	0.0	0.0	0.0	0.0	0.0	0.0	0.0	0.0	0.0	0.0	0.0	0.0	0.0	0.0	0.0	0.0	0.0	0.0	0.0	0.0	0.0	0.0	0.0	0.0	0.0	1.05143	0.0	0.0	0.0	0.0	0.0	0.0	0.0	0.0	0.0	0.0	0.0	0.0	0.0	0.0	0.0	0.0	0.0	0.0	0.0	0.0	0.0	0.0	0.0	0.0	0.0	0.0	0.0	0.0	0.0	0.0	0.0	0.0	0.0	0.0	0.0	0.0	0.0	0.0	0.0	0.0	0.0	0.0	0.0	0.0	0.0	0.0	0.0	0.0	0.0	0.0	0.0	0.0	0.0	0.0	0.0	0.0	0.0	0.0	0.0	0.0	0.0	0.0	0.0	0.0	0.0	0.0	0.0	0.0	0.0	0.0	0.0	0.0	0.0	0.0	0.0	0.0	0.0	0.0	0.0	0.0	0.0	0.0	0.0	0.0	0.0	0.0	0.0	0.0	0.0	0.0	0.0	0.0	0.0	0.0	0.0	0.0	0.0	0.0	0.0	0.0	0.0	0.0	0.0	0.0	0.0	0.0	0.0	0.0	0.0	0.0	0.0	0.0	0.0	0.0	0.0	0.0	0.0	0.0	0.0	0.0	0.0	0.0	0.0	0.0	0.0	0.0	0.0	0.0	0.0	0.0	0.0	0.0	0.0	0.0	0.0	0.0	0.0	0.0	0.0	0.0	0.0	0.0	0.0	0.0	0.0	0.0	0.0	0.0	0.0	0.0	0.0	0.0	0.0	0.0	0.0	0.0	0.0	0.0	0.0	0.0	0.0	0.0	0.0	0.0	0.0	0.0	0.0	0.0
MGB033	0.0	0.0	506.852	427.176	530.084	646.816	589.281	504.071	510.424	546.789	0.0	0.0	417.398	457.74	611.303	514.808	399.615	426.494	0.0	0.0	0.0	0.0	622.724	497.277	428.208	397.544	408.764	439.434	0.0	0.0	627.036	451.676	532.54	495.744	532.478	0.0	408.513	478.754	400.207	522.407	410.778	405.767	693.813	418.005	420.774	0.0	462.437	539.471	420.003	484.276	31.5753	0.0	419.652	0.0	403.547	533.222	740.649	554.008	438.96	395.788	0.0	501.765	482.976	512.809	0.0	499.99	0.0	523.059	0.0	360.174	455.176	690.933	559.277	473.014	0.0	437.101	509.871	0.0	441.292	451.334	329.138	401.833	476.939	356.523	647.343	483.973	484.337	589.56	458.757	393.958	469.626	477.195	0.0	676.245	639.439	507.903	445.338	430.34	396.07	180.071	0.0	470.028	499.163	890.731	555.865	883.751	475.937	457.468	224.256	449.336	409.339	0.0	534.699	450.949	542.101	336.528	0.0	402.573	506.482	464.724	474.438	651.107	430.689	111.724	498.367	399.776	338.331	787.216	440.902	453.835	437.709	355.699	444.513	538.121	463.102	557.433	524.517	0.0	521.958	0.0	425.552	129.9	0.0	429.473	543.983	0.0	0.0	850.252	0.0	523.606	594.817	425.748	353.518	0.0	305.179	0.0	0.0	0.0	749.911	0.0	338.97	314.138	426.547	522.256	704.571	0.0	0.0	479.062	450.673	495.705	768.598	437.088	529.783	479.339	334.895	0.0	815.546	794.177	0.0	709.755	560.185	0.0	0.0	510.73	0.0	0.0	496.316	473.159	505.611	565.087	0.0	0.0	0.0	0.0	468.293	0.0	451.862	518.96	0.0	392.096	722.651	371.137	495.123	0.0	494.077	513.388	485.703	0.0	504.252	461.852	0.0	816.805	404.995	456.666	478.381	668.466	0.0	609.18	0.0	449.01	0.0	527.779	481.232	311.055	86.9551	356.303	335.028	556.902	536.879	431.668	686.332	0.0	561.677	561.332	0.0	497.734	0.0	553.783	0.0	437.955	522.603	0.0	0.0	475.964	814.205	0.0	0.0	0.0	0.0	419.811	0.0	0.0	431.288	712.39	436.202	488.915	613.876	291.434	569.931	416.466	477.864	495.398	0.0	760.632	0.0	0.0	536.793	0.0	594.475	652.47	401.188	0.0	689.204	0.0	0.0	536.874	634.327	489.982	0.0	648.135	525.978	466.445	0.0	0.0	0.0	851.66	527.932	569.677
MGB056	0.0	0.0	0.0	0.0	0.0	0.0	0.0	0.0	0.0	0.0	0.0	0.0	0.0	0.0	0.0	0.0	0.0	0.0	0.0	0.0	0.0	0.0	0.0	0.0	0.0	0.0	0.0	0.0	0.0	0.0	0.0	0.0	0.0	0.0	0.0	0.0	0.0	0.0	0.0	35.6439	0.0	0.0	0.0	0.0	0.0	0.0	0.0	0.0	0.0	0.0	0.0	0.0	0.0	0.0	0.0	0.0	0.0	0.0	0.0	0.0	0.0	0.0	0.0	0.0	0.0	0.0	0.0	0.0	0.0	99.6848	0.0	0.0	0.0	0.0	0.0	0.0	0.0	0.0	0.0	0.0	111.969	0.0	0.0	0.0	0.0	0.0	0.0	0.0	0.0	0.0	0.0	0.0	0.0	0.0	0.0	0.0	0.0	0.0	0.0	0.0	0.0	0.0	0.0	0.0	0.0	0.0	0.0	0.0	0.0	0.0	0.0	0.0	0.0	0.0	0.0	0.0	0.0	0.0	0.0	0.0	0.0	0.0	0.0	0.0	0.0	0.0	0.0	0.0	0.0	0.0	0.0	0.0	0.0	0.0	0.0	0.0	0.0	0.0	0.0	0.0	0.0	0.0	0.0	0.0	0.0	0.0	0.0	0.0	0.0	0.0	0.0	0.0	0.0	0.0	0.0	0.0	0.0	0.0	0.0	0.0	107.912	0.0	0.0	0.0	0.0	0.0	0.0	0.0	0.0	0.0	0.0	0.0	0.0	0.0	0.0	0.0	0.0	0.0	0.0	7.68459	0.0	0.0	0.0	0.0	0.0	0.0	0.0	0.0	0.0	0.0	0.0	0.0	0.0	0.0	0.0	0.0	0.0	0.0	0.0	0.0	0.0	0.0	0.0	0.0	0.0	0.0	0.0	0.0	0.0	0.0	0.0	0.0	0.0	0.0	0.0	0.0	0.0	0.0	0.0	0.0	0.0	0.0	0.0	0.0	0.0	0.0	0.0	0.0	0.0	0.0	0.0	0.0	0.0	0.0	0.0	0.0	0.0	0.0	0.0	0.0	0.0	0.0	0.0	0.0	0.0	0.0	0.0	0.0	0.0	0.0	0.0	0.0	0.0	0.0	0.0	0.0	0.0	0.0	0.0	0.0	0.0	0.0	0.0	0.0	0.0	0.0	0.0	0.0	0.0	0.0	0.0	0.0	0.0	0.0	0.0	0.0	0.0	0.0	0.0	0.0	0.0	0.0	0.0	0.0	0.0	0.0	0.0	0.0
MGB034	0.0	0.0	0.0	0.0	0.0	0.0	0.0	0.0	0.0	0.0	0.0	0.0	0.0	0.0	0.0	0.0	0.0	0.0	0.0	0.0	0.0	0.0	0.0	0.0	0.0	0.0	0.0	0.0	0.0	0.0	0.0	0.0	0.0	0.0	0.0	0.0	0.0	0.0	0.0	0.0	0.0	0.0	0.0	0.0	0.0	0.0	0.0	0.0	0.0	0.0	0.0	0.0	0.0	0.0	0.0	0.0	0.0	0.0	0.0	0.0	0.0	0.0	0.0	0.0	0.0	0.0	0.0	0.0	0.0	165.601	0.0	0.0	0.0	0.0	0.0	0.0	0.0	0.0	0.0	0.0	199.829	0.0	0.0	0.0	0.0	0.0	0.0	0.0	0.0	0.0	0.0	0.0	0.0	0.0	0.0	0.0	0.0	0.0	0.0	0.0	0.0	0.0	0.0	0.0	0.0	0.0	0.0	0.0	0.0	0.0	0.0	0.0	0.0	0.0	0.0	0.0	0.0	0.0	0.0	0.0	0.0	0.0	0.0	0.0	0.0	0.0	0.0	0.0	0.0	0.0	0.0	0.0	0.0	0.0	0.0	0.0	0.0	0.0	0.0	0.0	0.0	0.0	0.0	0.0	0.0	0.0	0.0	0.0	0.0	0.0	0.0	0.0	0.0	0.0	0.0	0.0	0.0	0.0	0.0	0.0	170.224	0.0	0.0	0.0	0.0	0.0	0.0	0.0	0.0	0.0	0.0	0.0	0.0	0.0	0.0	0.0	0.0	0.0	0.0	0.0	0.0	0.0	0.0	0.0	0.0	0.0	0.0	0.0	0.0	0.0	0.0	0.0	0.0	0.0	0.0	0.0	0.0	0.0	0.0	0.0	0.0	0.0	0.0	0.0	0.0	0.0	0.0	0.0	0.0	0.0	0.0	0.0	0.0	0.0	0.0	0.0	0.0	0.0	0.0	0.0	0.0	0.0	0.0	0.0	0.0	0.0	0.0	0.0	0.0	0.0	0.0	0.0	0.0	0.0	0.0	0.0	0.0	0.0	0.0	0.0	0.0	0.0	0.0	0.0	0.0	0.0	0.0	0.0	0.0	0.0	0.0	0.0	0.0	0.0	0.0	0.0	0.0	0.0	0.0	0.0	0.0	0.0	0.0	0.0	0.0	0.0	0.0	0.0	0.0	0.0	0.0	0.0	0.0	0.0	0.0	0.0	0.0	0.0	0.0	0.0	0.0	0.0	0.0	0.0	0.0	0.0	0.0	0.0
MGB035	0.0	0.0	0.0	0.0	0.0	0.0	0.0	0.0	0.0	0.0	0.0	0.0	0.0	0.0	0.0	0.0	0.0	0.0	0.0	0.0	0.0	0.0	0.0	0.0	0.0	0.0	0.0	0.0	0.0	0.0	0.0	0.0	35.5269	0.0	0.0	0.0	0.0	0.0	0.0	0.0	0.0	0.0	0.0	0.0	0.0	0.0	0.0	0.0	0.0	0.0	0.0	0.0	0.0	0.0	0.0	0.0	0.0	0.0	0.0	100.504	0.0	0.0	0.0	7.54734	0.0	6.7565	0.0	0.0	0.0	172.112	0.0	0.0	0.0	0.0	0.0	0.0	0.0	0.0	0.0	0.0	139.397	0.0	0.0	54.0159	0.0	0.0	0.0	4.40304	0.0	0.0	0.0	0.0	0.0	0.0	0.0	0.0	0.0	0.0	0.0	0.0	0.0	0.0	0.0	0.0	32.8044	0.0	0.0	0.0	0.0	0.0	0.0	0.0	0.0	0.0	0.0	0.0	0.0	0.0	0.0	0.0	0.0	0.0	0.0	0.0	0.0	0.0	0.0	0.0	22.1744	0.0	0.0	0.0	0.0	6.14986	0.0	0.0	0.0	0.0	0.0	0.0	0.0	0.0	0.0	0.0	0.0	0.0	0.0	0.0	0.0	0.0	0.0	0.0	0.0	0.0	73.5278	0.0	0.0	0.0	0.0	0.0	0.0	0.0	4.85986	0.0	0.0	0.0	0.0	0.0	0.0	0.0	0.0	0.0	0.0	0.0	48.1665	0.0	0.0	0.0	0.0	0.0	0.0	0.0	0.0	0.0	0.0	0.0	0.0	0.0	0.0	55.8765	0.0	0.0	0.0	0.0	0.0	0.0	0.0	0.0	0.0	0.0	0.0	85.1376	0.0	0.0	0.0	0.0	0.0	0.0	0.0	0.0	0.0	0.0	0.0	0.0	0.0	0.0	0.0	0.0	0.0	0.0	0.0	0.0	0.0	0.0	0.0	0.0	61.1518	0.0	0.0	24.1624	0.0	0.0	0.0	0.0	0.0	0.0	0.0	0.0	0.0	0.0	0.0	0.0	0.0	0.0	0.0	0.0	0.0	0.0	0.0	0.0	0.0	0.0	12.6225	0.0	0.0	0.0	0.0	0.0	0.0	0.0	0.0	0.0	0.0	0.0	0.0	0.0	0.0	0.0	0.0	0.0	0.0	0.0	0.0	0.0	0.0	0.0	0.0	0.0	0.0	0.0	0.0	0.0	0.0	0.0	0.0	0.0	0.0	8.49744
MGB036	0.0	980.753	953.413	874.206	905.083	991.627	897.302	794.794	861.745	852.839	0.0	998.966	967.748	838.812	1060.1	840.015	529.922	807.878	970.368	361.569	248.47	695.629	941.326	870.214	884.716	880.264	1042.67	844.796	910.799	903.13	1112.53	808.55	885.7	941.535	839.27	0.0	721.839	839.095	743.481	938.691	1033.39	1108.35	940.296	975.868	832.52	929.441	931.984	1001.87	918.352	981.32	522.424	870.459	773.681	257.503	932.917	876.253	1106.96	843.889	931.991	703.217	964.34	902.46	829.056	1028.45	738.622	946.68	0.0	816.668	955.921	367.725	928.904	810.98	1051.16	1004.5	849.651	892.963	941.184	1012.07	809.712	983.096	382.814	928.619	982.153	626.554	819.119	1041.24	766.061	936.417	1069.36	837.231	872.485	881.811	877.823	926.916	942.835	772.374	896.072	945.116	672.823	962.288	918.814	971.731	1012.68	1009.88	995.205	1048.82	1100.47	822.714	695.566	720.797	885.027	1005.08	1033.89	872.605	1007.49	839.75	898.702	831.283	926.971	904.605	1022.35	850.953	956.259	156.703	1114.33	874.319	879.174	1082.07	764.407	829.684	712.029	514.45	926.703	1006.55	699.097	1007.34	1162.77	129.047	667.784	243.518	755.519	616.93	0.0	817.302	1031.37	0.0	1070.13	1149.01	952.454	816.371	1054.18	1024.5	771.773	1046.83	589.157	947.316	920.16	981.793	979.901	0.0	400.636	731.115	723.755	870.089	1013.31	813.366	942.647	964.007	771.875	920.559	975.493	934.038	878.142	929.185	901.143	921.897	947.012	1006.78	988.841	894.143	816.733	503.713	1013.82	966.019	879.744	407.881	829.257	1026.09	869.016	905.346	732.897	0.0	1064.26	920.929	922.668	863.052	953.596	881.292	1063.34	868.869	955.957	491.512	1202.07	0.0	730.735	915.449	881.948	837.127	822.146	863.966	909.56	1045.26	909.588	969.354	994.199	904.487	1073.75	1033.9	868.126	999.391	923.688	1005.33	787.935	711.576	75.6435	930.807	413.639	1082.49	906.47	824.737	931.357	0.0	811.639	998.287	867.668	914.221	940.841	910.342	1070.83	825.035	956.122	910.564	901.614	953.98	797.151	0.0	961.733	1073.59	910.427	892.19	1035.65	1013.91	708.029	901.922	912.426	938.679	1003.65	670.317	850.316	962.432	880.587	855.447	955.479	1038.38	752.45	831.3	940.454	808.269	1021.76	1025.97	979.29	815.201	988.499	878.844	811.86	857.247	972.746	1039.0	1047.59	867.833	883.5	1116.19	674.292	824.665	1056.95	937.163	887.324	1049.29
MGB031	0.0	6.5524	260.182	79.8872	69.5662	100.926	0.0	31.5738	213.704	176.111	0.0	139.454	212.427	0.0	0.0	172.159	0.0	156.629	303.506	93.4609	0.0	97.2607	0.0	6.82419	317.417	245.939	322.076	0.0	0.0	76.787	131.503	66.5399	0.0	269.281	139.913	0.0	276.603	0.0	0.0	0.0	256.319	221.583	0.0	173.631	248.456	0.0	333.445	63.646	67.9303	27.5111	481.287	201.782	0.0	0.0	0.0	215.001	0.0	82.006	322.377	116.078	0.0	289.702	0.0	0.0	294.544	331.758	0.0	2.60178	0.0	91.6336	262.062	62.0853	8.22329	277.502	153.938	287.745	272.406	15.1448	46.652	231.878	106.515	276.683	25.1213	0.0	0.0	142.149	114.096	158.652	297.153	108.816	252.285	15.0163	0.0	0.0	0.0	0.0	253.523	236.108	62.0844	0.0	0.0	270.402	0.0	0.0	197.211	0.0	241.576	16.1021	132.441	247.008	295.127	57.923	0.0	0.0	0.0	238.009	0.0	108.542	0.0	203.845	68.922	0.0	327.177	0.0	252.985	230.268	72.2729	0.0	221.61	245.602	271.763	0.0	0.0	71.2983	0.0	328.268	48.7662	0.0	16.22	38.2354	251.242	43.5131	0.0	256.139	0.0	0.0	0.0	0.0	26.1068	84.5827	0.0	257.359	237.154	10.6789	45.4642	46.9418	0.0	12.9647	13.1144	0.0	109.458	12.2516	244.341	0.0	0.0	0.0	0.0	66.9879	306.98	0.0	0.0	312.432	0.0	271.628	2.79002	77.6828	0.0	0.0	74.4721	0.0	0.0	151.494	12.7063	291.247	60.8448	0.0	229.573	0.0	246.65	23.6682	0.0	0.0	10.3185	0.0	238.078	65.9926	261.527	0.0	10.4561	305.427	0.0	40.7682	244.893	0.0	0.0	0.0	265.991	311.189	0.0	0.0	9.95467	0.0	211.018	299.299	204.624	3.73924	153.782	211.018	0.0	265.434	0.0	204.186	2.43235	0.0	0.0	0.0	65.3397	0.0	0.0	251.402	0.0	0.0	132.61	0.0	0.0	0.0	0.0	0.0	4.4897	0.0	0.0	299.393	0.0	250.176	0.0	0.0	313.164	338.62	80.4785	292.522	0.0	6.72908	193.559	0.0	0.0	0.0	0.0	0.0	88.473	271.401	140.423	170.251	0.0	0.0	287.194	8.45273	0.0	191.738	2.65558	0.0	154.608	317.001	0.0	85.2495	4.13616	353.087	0.0	153.397	166.967	27.9068	9.93444	244.307	302.946	286.133	156.17	0.0	232.621	0.0
MGB010	0.0	0.0	0.0	0.0	0.0	0.0	0.0	21.9979	3.21518	2.03514	0.0	2.73397	0.0	0.0	0.0	0.0	0.0	0.0	0.0	0.0	0.0	0.0	0.0	0.0	0.0	0.0	0.0	0.0	0.0	0.0	0.0	0.0	0.0	0.0	0.0	0.0	0.0	0.0	0.0	0.0	0.0	0.0	0.0	0.0	0.0	0.0	0.0	0.0	0.0	0.0	0.0	1.20569	0.0	0.0	0.0	0.0	0.0	0.0	0.0	0.0	0.0	0.0	0.0	0.0	0.0	0.0	0.0	0.0	0.0	0.0	0.0	0.0	0.0	0.0	0.0	0.0	0.0	0.0	0.0	0.0	0.0	0.0	0.0	0.0	0.0	5.52431	0.0	0.0	0.0	0.0	0.0	0.0	0.0	0.0	0.0	0.0	0.0	0.0	0.0	0.0	0.0	0.0	0.0	0.0	0.0	0.0	0.0	0.0	0.0	0.0	0.0	0.0	0.0	0.0	0.0	0.0	0.0	0.0	0.0	0.0	0.0	0.0	0.0	0.0	0.0	0.0	0.0	0.0	0.0	0.0	0.0	0.0	0.0	0.0	0.0	0.0	0.0	0.0	0.0	0.0	0.0	54.6604	0.0	0.0	0.0	0.0	0.0	0.0	0.0	0.0	0.0	0.0	0.0	0.0	0.0	0.0	21.3569	0.0	0.0	0.0	0.0	0.0	0.0	0.0	0.0	0.0	0.0	0.0	0.0	0.0	0.0	0.0	0.0	0.0	0.0	0.0	0.0	0.0	12.5029	0.0	0.0	0.0	0.0	0.0	0.0	0.0	0.0	0.0	0.0	0.0	0.0	0.0	0.0	0.0	0.0	0.0	0.0	0.0	0.0	0.0	0.0	0.0	0.0	0.0	0.0	0.0	0.0	0.0	0.0	0.0	0.0	0.0	0.0	0.0	0.0	0.0	7.34073	0.0	0.0	0.0	0.0	0.0	0.0	0.0	0.0	0.0	0.0	0.0	0.0	0.0	0.0	0.0	0.0	0.0	0.0	0.0	0.0	0.0	0.0	0.0	0.0	0.0	0.0	0.0	0.0	0.0	0.0	0.0	7.87955	0.0	0.0	0.0	0.0	0.0	0.0	0.0	0.0	0.0	0.0	0.0	0.0	0.0	0.0	0.0	0.0	0.0	0.0	0.0	0.0	0.0	40.386	0.0	0.0	11.8853	0.0	0.0	0.0	9.15771	42.855	0.0	0.0	0.0	0.0	0.0	44.5671	0.0	0.0	0.0
MGB032	0.0	0.0	0.0	0.0	0.0	0.0	0.0	0.0	0.0	0.0	0.0	3.211585	0.0	0.0	0.0	0.0	125.8305	0.0	0.0	0.0	0.0	0.0	0.0	0.0	0.0	0.0	0.0	0.0	0.0	0.0	0.0	10.1816	13.57575	0.0	0.0	0.0	0.0	0.0	0.0	0.0	0.0	0.0	0.0	0.0	0.0	0.0	0.0	0.0	0.0	0.0	20.6355	1.416245	0.0	0.0	0.0	0.0	0.0	0.0	0.0	0.0	0.0	0.0	3.434145	7.27525	0.0	0.0	0.0	0.0	0.0	162.314	0.0	0.0	0.0	0.0	4.43246	0.0	0.0	0.0	0.0	0.0	165.216	0.0	0.0	16.6892	0.0	2.292475	0.0	0.0	0.0	0.0	0.0	0.0	0.0	0.0	0.0	0.0	0.0	0.0	0.0	0.0	0.0	0.0	0.0	0.0	0.0	0.0	0.0	0.0	0.0	0.0	0.0	0.0	0.0	0.0	0.0	0.0	0.0	0.0	0.0	0.0	0.0	0.0	0.0	0.0	0.0	0.0	0.0	0.0	0.0	0.0	0.0	217.9315	0.0	0.0	0.0	0.0	0.0	0.0	0.0	0.0	0.0	0.0	0.0	0.0	0.0	0.0	0.0	0.0	0.0	0.0	0.0	1.09636	0.0	0.0	0.0	0.0	0.0	0.0	0.0	0.0	166.7145	0.0	0.0	11.8444	0.0	0.0	0.0	0.0	0.0	0.0	0.0	0.0	0.0	0.0	0.0	0.0	0.0	0.0	0.0	0.0	0.0	38.7382	0.0	0.0	0.0	0.0	0.0	0.0	0.0	0.0	0.0	0.0	0.0	0.0	0.0	0.0	0.0	0.0	0.0	0.0	0.0	0.0	0.0	0.0	0.0	0.0	0.0	0.0	6.9523	0.0	0.0	0.0	0.0	0.0	0.0	0.0	3.904525	0.0	0.0	0.0	0.0	0.0	0.0	87.14012	0.0	0.0	0.0	0.0	0.0	0.0	0.0	0.0	0.0	0.0	0.0	0.0	0.0	0.0	0.0	0.0	4.366815	0.0	0.0	0.0	0.0	0.0	0.0	0.0	0.0	0.0	0.0	0.0	0.0	0.0	11.299	0.0	0.0	127.3295	0.0	0.0	0.0	0.0	0.0	0.0	0.0	0.0	0.0	3.624715	0.0	0.0	0.0	0.0	0.0	0.0	0.0	0.0	0.0	2.211505	0.0	0.0	0.0	0.0	0.0	0.0	0.0	0.0	0.0	6.5501
MGB019	0.0	0.0	0.0	0.0	0.0	0.0	0.0	0.0	0.0	3.93321	0.0	0.0	0.0	0.0	0.0	0.0	79.1446	0.0	0.0	0.0	0.0	0.0	0.0	0.0	0.0	0.0	0.0	0.0	0.0	0.0	0.0	0.0	7.59049	0.0	0.0	0.0	0.0	0.0	0.0	0.0	0.0	0.0	0.0	0.0	0.0	0.0	0.0	0.0	0.0	0.0	0.0	0.0	0.0	0.0	0.0	0.0	0.0	0.0	0.0	0.0	0.0	0.0	0.0	3.59236	0.0	0.0	0.0	0.0	0.0	85.3921	2.0451	0.0	0.0	0.0	27.8037	0.0	0.0	0.0	0.0	0.0	77.0696	0.0	0.0	14.4462	0.0	5.17754	0.0	2.6116	0.0	0.0	0.0	0.0	0.0	0.0	0.0	0.0	0.0	0.0	0.0	0.0	0.0	0.0	0.0	0.0	0.0	0.0	0.0	0.0	0.0	0.0	0.0	0.0	0.0	0.0	0.0	0.0	0.0	0.0	0.0	3.06995	0.0	0.0	0.0	120.936	0.0	0.0	0.0	0.0	0.0	0.0	0.0	12.9784	0.0	0.0	0.0	0.0	0.0	124.194	0.0	0.0	0.0	0.0	0.0	0.0	0.0	0.0	0.0	0.0	0.0	0.0	0.0	0.0	0.0	0.0	0.0	0.0	0.0	0.0	0.0	0.0	79.6537	0.0	0.0	0.0	0.0	0.0	0.0	0.0	0.0	0.0	0.0	0.0	0.0	0.0	0.0	0.0	0.0	0.0	0.0	0.0	0.0	0.0	0.0	0.0	0.0	0.0	0.0	0.0	0.0	0.0	0.0	0.0	0.0	0.0	0.0	0.0	0.0	0.0	0.0	0.0	0.0	0.0	0.0	0.0	0.0	0.0	0.0	0.0	0.0	0.0	0.0	0.0	0.0	0.0	0.0	0.0	9.35601	0.0	0.0	0.0	0.0	0.0	0.0	8.5565	142.399	0.0	0.0	0.0	0.0	0.0	0.0	0.0	0.0	0.0	0.0	0.0	0.0	0.0	0.0	0.0	2.35065	0.0	0.0	0.0	0.0	0.0	0.0	10.5374	0.0	0.0	0.0	0.0	0.0	0.0	0.0	0.0	0.0	0.0	0.0	0.0	0.0	0.0	0.0	0.0	0.0	0.0	0.0	0.0	0.0	0.0	0.0	32.1317	0.0	0.0	0.0	0.0	0.0	9.04637	0.0	0.0	0.0	0.0	10.3304	0.0	0.0	0.0	0.0	0.0
MGB026	0.0	0.0	0.0	0.0	0.0	0.0	0.0	0.0	0.0	0.0	0.0	0.0	0.0	0.0	0.0	0.0	0.0	0.0	0.0	0.0	0.0	0.0	0.0	0.0	0.0	0.0	0.0	0.0	0.0	0.0	0.0	0.0	17.3566	0.0	0.0	0.0	0.0	0.0	0.0	0.0	0.0	0.0	0.0	0.0	0.0	0.0	0.0	0.0	0.0	0.0	0.0	0.0	0.0	0.0	0.0	0.0	0.0	0.0	0.0	0.0	0.0	0.0	0.0	8.03573	0.0	0.0	0.0	0.0	0.0	78.8097	0.0	0.0	0.0	0.0	0.0	0.0	0.0	0.0	0.0	0.0	81.8259	0.0	0.0	26.7045	0.0	0.0	0.0	0.0	0.0	0.0	0.0	0.0	0.0	0.0	0.0	0.0	0.0	0.0	0.0	0.0	0.0	0.0	0.0	0.0	0.0	0.0	0.0	0.0	0.0	0.0	0.0	0.0	0.0	0.0	0.0	0.0	0.0	0.0	0.0	0.0	0.0	0.0	0.0	0.0	0.0	0.0	0.0	0.0	0.0	0.0	0.0	0.0	0.0	0.0	0.0	0.0	0.0	0.0	0.0	0.0	0.0	0.0	0.0	0.0	0.0	0.0	0.0	0.0	0.0	0.0	0.0	0.0	0.0	0.0	0.0	0.0	0.0	0.0	0.0	0.0	79.6011	0.0	0.0	0.0	0.0	0.0	0.0	0.0	0.0	0.0	0.0	0.0	0.0	0.0	0.0	0.0	0.0	0.0	0.0	0.0	0.0	0.0	0.0	0.0	0.0	0.0	0.0	0.0	0.0	0.0	0.0	0.0	0.0	0.0	0.0	0.0	0.0	0.0	0.0	0.0	0.0	0.0	0.0	0.0	0.0	0.0	0.0	0.0	0.0	0.0	0.0	0.0	0.0	0.0	0.0	0.0	0.0	0.0	0.0	0.0	0.0	0.0	0.0	0.0	0.0	0.0	0.0	0.0	0.0	0.0	0.0	0.0	0.0	0.0	0.0	0.0	0.0	0.0	0.0	0.0	0.0	0.0	0.0	0.0	0.0	0.0	0.0	0.0	0.0	0.0	0.0	0.0	0.0	0.0	0.0	0.0	0.0	0.0	0.0	0.0	0.0	0.0	0.0	0.0	0.0	0.0	0.0	0.0	0.0	0.0	0.0	0.0	0.0	0.0	0.0	0.0	0.0	0.0	0.0	0.0	0.0	0.0	0.0	0.0	0.0	0.0	0.0	9.79952
MGB004	0.0	0.0	0.0	0.0	0.0	0.0	0.0	0.0	0.0	0.0	0.0	0.0	0.0	0.0	0.0	0.0	0.0	0.0	0.0	0.0	0.0	0.0	0.0	0.0	0.0	0.0	0.0	0.0	0.0	0.0	0.0	0.0	0.0	0.0	0.0	0.0	0.0	0.0	0.0	0.0	0.0	0.0	0.0	0.0	0.0	0.0	0.0	0.0	0.0	0.0	0.0	0.0	0.0	0.0	0.0	0.0	0.0	0.0	0.0	0.0	0.0	0.0	0.0	0.0	0.0	0.0	0.0	0.0	0.0	74.0536	0.0	0.0	0.0	0.0	0.0	0.0	0.0	0.0	0.0	0.0	83.58335	0.0	0.0	0.0	0.0	0.0	0.0	0.0	0.0	0.0	0.0	0.0	0.0	0.0	0.0	0.0	0.0	0.0	0.0	0.0	0.0	0.0	0.0	0.0	0.0	0.0	0.0	0.0	0.0	0.0	0.0	0.0	0.0	0.0	0.0	0.0	0.0	0.0	0.0	0.0	0.0	0.0	0.0	0.0	0.0	0.0	0.0	0.0	0.0	0.0	0.0	0.0	0.0	0.0	0.0	0.0	0.0	0.0	0.0	0.0	0.0	0.0	0.0	0.0	0.0	0.0	0.0	0.0	0.0	0.0	0.0	0.0	0.0	0.0	0.0	0.0	0.0	0.0	0.0	0.0	74.7966	0.0	0.0	0.0	0.0	0.0	0.0	0.0	0.0	0.0	0.0	0.0	0.0	0.0	0.0	0.0	0.0	0.0	0.0	0.0	0.0	0.0	0.0	0.0	0.0	0.0	0.0	0.0	0.0	0.0	0.0	0.0	0.0	0.0	0.0	0.0	0.0	0.0	0.0	0.0	0.0	0.0	0.0	0.0	0.0	0.0	0.0	0.0	0.0	0.0	0.0	0.0	0.0	0.0	0.0	0.0	0.0	0.0	0.0	0.0	0.0	0.0	0.0	0.0	0.0	0.0	0.0	0.0	0.0	0.0	0.0	0.0	0.0	0.0	0.0	0.0	0.0	0.0	0.0	0.0	0.0	0.0	0.0	0.0	0.0	0.0	0.0	0.0	0.0	0.0	0.0	0.0	0.0	0.0	0.0	0.0	0.0	0.0	0.0	0.0	0.0	0.0	0.0	0.0	0.0	0.0	0.0	0.0	0.0	0.0	0.0	0.0	0.0	0.0	0.0	0.0	0.0	0.0	0.0	0.0	0.0	0.0	0.0	0.0	0.0	0.0	0.0	0.0
MGB048	0.0	0.0	0.0	0.0	0.0	0.0	0.0	0.0	0.0	0.0	0.0	0.0	0.0	0.0	0.0	0.0	0.0	0.0	0.0	0.0	0.0	0.0	0.0	0.0	0.0	0.0	0.0	0.0	0.0	0.0	0.0	0.0	0.0	0.0	0.0	0.0	0.0	0.0	0.0	0.0	0.0	0.0	0.0	0.0	0.0	0.0	0.0	0.0	0.0	0.0	0.0	0.0	0.0	0.0	0.0	0.0	0.0	0.0	0.0	0.0	0.0	0.0	0.0	0.0	0.0	0.0	0.0	0.0	0.0	87.3949	0.0	0.0	0.0	0.0	0.0	0.0	0.0	0.0	0.0	0.0	87.5806	0.0	0.0	0.0	0.0	0.0	0.0	0.0	0.0	0.0	0.0	0.0	0.0	0.0	0.0	0.0	0.0	0.0	0.0	0.0	0.0	0.0	0.0	0.0	0.0	0.0	0.0	0.0	0.0	0.0	0.0	0.0	0.0	0.0	0.0	0.0	0.0	0.0	0.0	0.0	0.0	0.0	0.0	0.0	0.0	0.0	0.0	0.0	0.0	0.0	0.0	0.0	0.0	0.0	0.0	0.0	0.0	0.0	0.0	0.0	0.0	0.0	0.0	0.0	0.0	0.0	0.0	0.0	0.0	0.0	0.0	0.0	0.0	0.0	0.0	0.0	0.0	0.0	0.0	0.0	97.1902	0.0	0.0	0.0	0.0	0.0	0.0	0.0	0.0	0.0	0.0	0.0	0.0	0.0	0.0	0.0	0.0	0.0	0.0	0.0	0.0	0.0	0.0	0.0	0.0	0.0	0.0	0.0	0.0	0.0	0.0	0.0	0.0	0.0	0.0	0.0	0.0	0.0	0.0	0.0	0.0	0.0	0.0	0.0	0.0	0.0	0.0	0.0	0.0	0.0	0.0	0.0	0.0	0.0	0.0	0.0	0.0	0.0	0.0	0.0	0.0	0.0	0.0	0.0	0.0	0.0	0.0	0.0	0.0	0.0	0.0	0.0	0.0	0.0	0.0	0.0	0.0	0.0	0.0	0.0	0.0	0.0	0.0	0.0	0.0	0.0	0.0	0.0	0.0	0.0	0.0	0.0	0.0	0.0	0.0	0.0	0.0	0.0	0.0	0.0	0.0	0.0	0.0	0.0	0.0	0.0	0.0	0.0	0.0	0.0	0.0	0.0	0.0	0.0	0.0	0.0	0.0	0.0	0.0	0.0	0.0	0.0	0.0	0.0	0.0	0.0	0.0	0.0
MGB005	0.0	416.58750000000003	515.622	407.398	422.4375	180.3805	358.4575	139.556	459.1545	486.122	0.0	459.8415	473.932	376.0915	413.831	356.464	356.552	313.627	552.498	150.438	72.08305	308.2595	304.937	380.445	456.578	447.231	460.514	198.4995	388.7325	429.341	448.909	311.76099999999997	259.876	494.25149999999996	238.419	0.0	454.97	389.895	176.821	293.3455	403.108	471.731	270.69100000000003	455.0395	458.673	448.99799999999993	486.613	414.411	400.453	388.0185	0.0	469.753	321.9895	0.0	461.458	381.229	248.1385	430.51099999999997	540.779	287.9885	403.635	432.364	366.0	333.563	427.338	530.4825	0.0	370.9385	381.88	121.123	440.892	107.759	430.8265	521.121	405.01	483.255	397.886	412.298	402.10400000000004	441.0	140.886	518.07	423.6805	203.339	216.3585	476.579	363.92650000000003	239.793	484.101	443.89649999999995	473.147	277.7925	430.08	309.322	169.17849999999999	301.339	448.056	445.399	166.962	112.352	363.563	366.866	399.6265	18.3512	321.257	0.0	532.455	348.117	366.925	423.918	493.23	448.639	299.7145	348.87850000000003	309.146	403.491	379.255	426.44550000000004	375.3295	285.64	412.1325	239.13049999999998	474.21	105.059	431.73	394.204	171.524	217.23450000000003	407.58349999999996	425.894	442.382	333.798	394.1245	155.14	199.8624	516.832	139.427	78.60900000000001	164.69150000000002	117.80285	448.72	327.27799999999996	0.0	469.8105	398.493	0.0	0.0	82.6228	434.702	426.70849999999996	424.522	511.863	427.661	460.8165	174.128	444.89599999999996	396.618	418.7765	122.0355	0.0	121.193	310.647	409.062	340.9335	277.381	376.985	383.43350000000004	382.80150000000003	496.135	295.9675	246.743	458.291	441.345	407.767	43.834900000000005	402.156	398.891	120.41755	418.6615	166.46925	361.008	228.238	355.002	509.655	410.278	0.0	325.498	366.579	446.508	287.907	353.808	0.0	458.043	392.124	496.375	384.5095	409.087	401.363	401.577	438.4445	93.7427	94.108	503.09	0.0	390.856	380.3	437.963	548.0505	323.5365	384.4345	386.6895	222.401	435.575	514.5405	493.419	200.5175	497.32	335.618	348.3875	501.059	428.5935	401.88599999999997	359.452	339.343	0.0	207.0095	81.6432	302.247	307.3885	438.116	157.3425	0.0	292.319	212.54399999999998	375.434	375.322	376.1105	368.4895	16.27325	358.736	439.3615	530.1595	367.368	416.722	0.0	0.0	510.992	569.439	443.34900000000005	396.473	378.96500000000003	459.5395	291.318	153.25	356.046	336.5145	352.77099999999996	360.858	446.466	522.2565	442.124	374.856	383.3135	97.2941	520.456	399.584	276.148	468.81399999999996	401.769	211.67	403.495	438.829	162.32	414.38	365.9305	448.828	311.5195	486.892	383.359	207.15	428.634	443.472	387.877	423.976	361.159	27.85015	323.253	389.015
MGB027	0.0	0.0	0.0	0.0	0.0	0.0	0.0	0.0	0.0	0.0	0.0	0.0	0.0	0.0	0.0	0.0	0.0	0.0	0.0	0.0	0.0	0.0	0.0	0.0	0.0	0.0	0.0	0.0	0.0	0.0	0.0	0.0	4.57648	0.0	0.0	0.0	0.0	0.0	0.0	0.0	0.0	0.0	0.0	0.0	0.0	0.0	0.0	0.0	0.0	0.0	0.0	0.0	0.0	0.0	0.0	0.0	0.0	0.0	0.0	0.0	0.0	0.0	0.0	0.0	0.0	0.0	0.0	0.0	0.0	171.849	0.0	0.0	0.0	0.0	13.3292	0.0	0.0	0.0	0.0	0.0	183.255	0.0	0.0	0.0	0.0	9.77982	0.0	0.0	0.0	0.0	0.0	0.0	0.0	0.0	0.0	0.0	0.0	0.0	0.0	0.0	0.0	0.0	0.0	0.0	0.0	0.0	0.0	0.0	0.0	0.0	0.0	0.0	0.0	0.0	0.0	0.0	0.0	0.0	0.0	1.64498	0.0	0.0	0.0	0.0	0.0	0.0	0.0	0.0	0.0	0.0	0.0	0.0	0.0	0.0	0.0	0.0	0.0	0.0	0.0	0.0	0.0	0.0	0.0	0.0	0.0	0.0	0.0	0.0	0.0	0.0	0.0	0.0	0.0	0.0	0.0	0.0	0.0	0.0	0.0	0.0	172.785	0.0	0.0	0.0	0.0	0.0	0.0	0.0	0.0	0.0	0.0	0.0	0.0	0.0	0.0	0.0	0.0	0.0	0.0	0.0	0.0	53.9744	0.0	0.0	0.0	0.0	0.0	0.0	0.0	0.0	0.0	0.0	0.0	0.0	0.0	0.0	0.0	0.0	0.0	0.0	0.0	0.0	0.0	0.0	0.0	0.0	0.0	0.0	0.0	0.0	0.0	0.0	0.0	0.0	0.0	0.0	3.3547	0.0	0.0	0.0	0.0	0.0	0.0	0.0	0.0	0.0	0.0	0.0	0.0	0.0	0.0	0.0	0.0	0.0	0.0	0.0	0.0	0.0	0.0	0.0	0.0	0.0	0.0	0.0	0.0	0.0	0.0	0.0	0.0	0.0	0.0	0.0	0.0	0.0	0.0	0.0	0.0	0.0	0.0	0.0	0.0	0.0	0.0	0.0	0.0	0.0	0.0	0.0	0.0	0.0	0.0	0.0	0.0	0.0	0.0	0.0	0.0	6.17288	0.0	0.0	0.0	0.0	0.0	0.0	0.0	0.0	0.0	0.0
MGB049	0.0	0.0	0.0	0.0	0.0	0.0	0.0	0.0	0.0	0.0	0.0	0.0	0.0	0.0	0.0	0.0	0.0	0.0	0.0	0.0	0.0	0.0	0.0	0.0	0.0	0.0	0.0	0.0	0.0	0.0	0.0	0.0	0.0	0.0	0.0	0.0	0.0	0.0	0.0	0.0	0.0	0.0	0.0	0.0	0.0	0.0	0.0	0.0	0.0	0.0	0.0	0.0	0.0	0.0	0.0	0.0	0.0	0.0	0.0	0.0	0.0	0.0	0.0	0.0	0.0	0.0	0.0	0.0	0.0	1.65654	0.0	0.0	0.0	0.0	0.0	0.0	0.0	0.0	0.0	0.0	7.06781	0.0	0.0	0.0	0.0	0.0	0.0	0.0	0.0	0.0	0.0	0.0	0.0	0.0	0.0	0.0	0.0	0.0	0.0	0.0	0.0	0.0	0.0	0.0	0.0	0.0	0.0	0.0	0.0	0.0	0.0	0.0	0.0	0.0	0.0	0.0	0.0	0.0	0.0	0.0	0.0	0.0	0.0	0.0	0.0	0.0	0.0	0.0	0.0	0.0	0.0	0.0	0.0	0.0	0.0	0.0	0.0	0.0	0.0	0.0	0.0	0.0	0.0	0.0	0.0	0.0	0.0	0.0	0.0	0.0	0.0	0.0	0.0	0.0	0.0	0.0	0.0	0.0	0.0	0.0	1.62809	0.0	0.0	0.0	0.0	0.0	0.0	0.0	0.0	0.0	0.0	0.0	0.0	0.0	0.0	0.0	0.0	0.0	0.0	0.0	0.0	0.0	0.0	0.0	0.0	0.0	0.0	0.0	0.0	0.0	0.0	0.0	0.0	0.0	0.0	0.0	0.0	0.0	0.0	0.0	0.0	0.0	0.0	0.0	0.0	0.0	0.0	0.0	0.0	0.0	0.0	0.0	0.0	0.0	0.0	0.0	0.0	0.0	0.0	0.0	0.0	0.0	0.0	0.0	0.0	0.0	0.0	0.0	0.0	0.0	0.0	0.0	0.0	0.0	0.0	0.0	0.0	0.0	0.0	0.0	0.0	0.0	0.0	0.0	0.0	0.0	0.0	0.0	0.0	0.0	0.0	0.0	0.0	0.0	0.0	0.0	0.0	0.0	0.0	0.0	0.0	0.0	0.0	0.0	0.0	0.0	0.0	0.0	0.0	0.0	0.0	0.0	0.0	0.0	0.0	0.0	0.0	0.0	0.0	0.0	0.0	0.0	0.0	0.0	0.0	0.0	0.0	0.0
MGB006	0.0	0.0	0.0	0.0	0.0	0.0	55.4203	0.0	0.0	0.0	0.0	0.0	0.0	0.0	0.0	0.0	69.7937	0.0	0.0	0.0	0.0	0.0	270.744	0.0	0.0	0.0	0.0	173.52	0.0	0.0	0.0	54.2692	5.42872	0.0	0.0	0.0	0.0	0.0	30.2703	120.51	0.0	0.0	68.3212	0.0	0.0	0.0	0.0	0.0	0.0	0.0	237.274	0.0	0.0	0.0	272.601	0.0	9.85718	0.0	0.0	0.0	0.0	0.0	0.0	1.00964	0.0	0.0	0.0	0.0	0.0	83.5715	0.0	0.0	0.0	0.0	5.42741	0.0	0.0	0.0	0.0	0.0	96.0764	0.0	0.0	11.2091	21.3828	2.86275	0.0	0.0	0.0	0.0	0.0	13.4408	0.0	2.66689	1.87999	0.0	0.0	0.0	0.0	46.3542	2.40362	0.0	0.0	0.0	0.0	0.0	0.0	0.0	0.0	0.0	0.0	0.0	0.0	9.56939	0.0	0.0	0.0	0.0	0.0	4.61077	0.0	14.2228	0.0	0.0	0.0	0.0	9.25813	8.06392	0.0	0.0	0.0	20.0128	199.314	0.0	0.0	0.0	0.0	0.0	0.0	0.0	0.0	0.0	0.0	0.0	0.0	0.0	0.0	47.2818	0.0	0.0	0.0	0.0	0.0	0.0	0.0	0.0	0.0	0.0	0.0	0.0	88.6002	0.0	0.0	14.4454	0.0	0.0	0.0	0.0	0.0	0.0	0.0	0.0	0.0	0.0	0.0	0.0	393.719	0.0	0.0	0.0	0.0	0.0	0.0	0.0	0.0	0.0	0.0	3.81162	0.0	0.0	0.0	0.0	0.0	0.0	0.0	0.0	0.0	0.0	0.0	0.0	6.19619	0.0	0.0	0.0	0.0	0.0	0.0	0.0	5.53076	0.0	0.0	151.986	0.0	0.0	0.0	0.0	2.35504	0.0	0.0	1.54693	0.0	0.0	0.0	6.03087	0.0	48.9155	0.0	65.7324	33.7965	0.0	49.008	0.0	0.0	73.241	0.0	0.0	0.0	13.9265	0.0	0.0	3.74192	0.0	0.0	0.0	0.0	0.0	0.0	0.0	0.0	0.0	0.0	0.0	0.0	12.9265	9.62906	50.0806	195.635	8.62254	0.0	0.0	0.0	0.0	0.0	59.1827	0.0	0.0	0.0	0.0	0.0	3.58114	0.0	0.0	11.0357	0.0	0.0	0.0	2.82541	2.67934	0.0	0.0	0.0	0.0	0.0	0.0	0.0	2.68415	0.0	0.0
MGB028	0.0	0.0	0.0	0.0	0.0	0.0	0.0	0.0	0.0	0.0	0.0	0.0	0.0	0.0	0.0	0.0	0.0	0.0	0.0	0.0	0.0	0.0	0.0	0.0	0.0	0.0	0.0	0.0	0.0	0.0	0.0	0.0	0.0	0.0	0.0	0.0	0.0	0.0	0.0	0.0	0.0	0.0	0.0	0.0	0.0	0.0	0.0	0.0	0.0	0.0	33.81585	0.0	0.0	0.0	0.0	0.0	0.0	0.0	0.0	0.0	0.0	0.0	0.0	0.0	0.0	0.0	0.0	0.0	0.0	76.85485	0.0	0.0	0.0	0.0	0.0	0.0	0.0	0.0	0.0	0.0	95.38544999999999	0.0	0.0	0.0	0.0	0.0	0.0	0.0	0.0	0.0	0.0	0.0	0.0	0.0	0.0	0.0	0.0	0.0	0.0	0.0	0.0	0.0	0.0	0.0	0.0	0.0	0.0	0.0	0.0	0.0	0.0	0.0	0.0	0.0	0.0	0.0	0.0	0.0	0.0	0.0	0.0	0.0	0.0	0.0	0.0	0.0	0.0	0.0	0.0	0.0	0.0	0.0	0.0	0.0	0.0	0.0	0.0	3.702515	0.0	0.0	0.0	0.0	0.0	0.0	0.0	0.0	0.0	0.0	0.0	0.0	0.0	0.0	0.0	0.0	0.0	0.0	0.0	0.0	0.0	0.0	88.94409999999999	0.0	0.0	0.0	0.0	0.0	0.0	0.0	0.0	0.0	0.0	0.0	0.0	0.0	0.0	0.0	0.0	0.0	0.0	0.0	0.0	0.0	0.0	0.0	0.0	0.0	0.0	0.0	0.0	0.0	0.0	0.0	0.0	0.0	0.0	0.0	0.0	0.0	0.0	0.0	0.0	0.0	0.0	0.0	0.0	0.0	0.0	0.0	0.0	0.0	0.0	0.0	0.0	0.0	0.0	0.0	0.0	0.0	0.0	0.0	0.0	0.0	0.0	0.0	0.0	0.0	0.0	0.0	0.0	0.0	0.0	0.0	0.0	0.0	0.0	0.0	0.0	0.0	0.0	0.0	0.0	0.0	0.0	0.0	0.0	0.0	0.0	0.0	0.0	0.0	0.0	0.0	0.0	0.0	0.0	0.0	0.0	0.0	0.0	0.0	0.0	0.0	0.0	0.0	0.0	0.0	0.0	0.0	0.0	0.0	0.0	0.0	0.0	0.0	0.0	0.0	0.0	0.0	0.0	0.0	0.0	0.0	0.0	0.0	0.0	0.0	0.0	0.0
MGB029	0.0	594.739	527.645	716.648	484.728	180.075	451.831	118.599	547.358	581.951	461.773	465.274	482.417	498.85	629.349	337.21	332.365	381.598	621.019	140.913	132.21	380.709	63.2419	507.539	524.782	456.655	503.697	71.1187	522.311	566.779	764.277	374.565	388.685	505.938	265.28	0.0	504.815	534.876	145.467	205.017	471.45	545.172	254.753	467.976	551.371	639.415	510.205	515.702	479.082	575.562	171.213	497.923	411.828	0.0	364.222	399.733	383.708	511.799	550.867	286.149	618.097	467.735	497.258	541.553	435.175	557.981	0.0	477.312	619.21	228.131	471.973	194.486	556.949	542.052	542.261	526.733	426.533	602.647	473.33	603.996	207.159	567.86	565.043	430.881	230.931	615.908	385.195	262.835	571.717	443.559	496.693	317.065	566.377	444.293	266.943	406.169	504.049	480.332	127.873	79.5103	554.258	417.951	592.551	51.9964	321.147	16.0236	642.594	460.976	336.134	499.811	559.598	580.426	485.617	262.011	478.313	409.498	604.092	433.543	524.194	278.951	545.164	286.838	541.626	64.5076	562.629	388.785	153.83	310.233	416.793	450.669	435.697	324.63	341.595	123.378	333.587	609.284	124.176	51.5611	352.355	129.734	480.188	179.365	0.0	546.757	558.136	0.0	588.726	44.5797	585.417	501.855	574.933	551.789	430.308	586.553	112.643	584.065	558.579	596.001	124.694	0.0	200.758	305.51	435.859	521.532	499.899	548.876	560.581	532.79	567.386	444.481	328.403	505.795	562.044	441.207	18.2498	532.183	55.3963	174.645	540.854	288.602	515.212	187.942	413.232	501.618	502.722	0.0	327.649	549.833	479.236	363.297	445.627	0.0	644.949	569.128	533.691	550.64	485.784	537.817	571.464	412.642	117.373	70.3032	572.275	0.0	453.941	510.713	505.225	556.076	502.077	529.612	476.691	127.136	438.699	511.483	595.804	446.89	586.273	377.902	599.771	607.708	619.719	427.214	438.619	409.993	0.0	268.848	101.712	208.743	415.124	447.359	114.328	0.0	330.663	148.312	543.545	554.879	639.272	501.112	12.868	387.521	583.573	615.335	544.367	470.977	42.9629	0.0	516.524	611.904	523.305	441.579	488.676	625.844	324.668	173.545	499.194	304.359	252.825	398.392	502.743	528.365	472.24	389.812	635.707	66.4127	543.785	490.953	373.83	489.409	571.99	264.542	504.586	477.564	152.934	530.641	398.352	518.347	433.882	577.461	522.328	232.95	565.582	503.818	436.786	429.945	513.577	30.5467	343.687	680.477
MGB007	0.0	0.0	5.7677	0.0	0.0	0.0	5.38015	0.0	0.0	4.08949	0.0	0.0	7.09865	11.118	0.0	0.90533	38.78705	0.0	0.0	0.0	0.0	0.0	0.0	0.0	7.0669	0.0	0.0	97.895	0.0	1.098895	12.249055	1.67721	15.338249999999999	7.57475	0.0	0.0	0.0	9.8627	0.0	18.127	0.0	0.0	0.0	0.0	0.0	0.0	0.0	0.0	0.0	0.0	0.0	0.0	0.0	0.0	6.151	0.0	0.0	0.0	0.0	0.0	0.0	6.6471	2.46144	7.18521	0.0	0.0	0.0	0.0	0.0	92.15615	4.818295	0.0	0.0	0.0	12.43795	0.0	5.53925	4.76796	0.0	0.0	91.30665	9.661075	11.23045	17.047800000000002	1.992805	5.664205	0.0	0.0	0.0	0.0	0.0	19.3736	0.0	0.0	4.94493	0.0	0.0	0.0	0.0	267.0325	2.031755	0.0	0.0	7.33415	0.0	0.0	3.513205	0.0	0.0	0.0	11.43835	0.0	0.0	16.4888	3.87759	40.5967	0.0	0.0	4.5611	0.0	0.0	4.6433	0.0	0.0	0.0	0.0	0.0	2.51726	0.0	0.0	0.0	8.608	58.3	0.0	6.1083	0.0	0.0	0.0	0.0	0.0	7.4032	0.0	0.0	0.0	0.0	0.0	0.0	1.32571	0.0	0.0	0.0	0.0	26.156799999999997	0.0	0.0	0.0	0.0	0.0	0.0	0.0	90.25909999999999	0.0	0.0	5.3127	0.0	0.0	0.0	4.700655	0.0	0.0	10.51025	0.0	0.0	3.53822	0.0	0.0	0.0	0.0	0.0	7.296	0.0	0.0	0.0	0.0	0.0	0.0	0.0	1.004115	0.0	0.0	0.0	0.0	0.0	0.0	0.0	0.0	0.0	7.66135	0.0	0.0	4.91757	0.0	0.0	0.0	0.0	0.0	0.0	0.0	4.22965	0.0	0.0	1.760265	0.0	0.0	4.416945	2.396385	5.76843	2.78202	0.0	0.0	0.0	0.0	0.0	6.1377	0.0	159.9545	0.0	15.0042	0.0	0.0	7.2604	0.0	12.38755	36.6827	0.0	0.0	0.0	0.0	0.0	4.96053	2.90664	0.0	7.26655	2.805025	0.0	0.0	0.0	0.0	0.0	0.0	0.0	0.995075	0.0	3.207665	3.424785	8.7805	3.977905	6.87735	0.0	0.0	0.0	20.96485	0.0	23.9601	0.0	0.0	0.0	0.0	0.0	14.82555	0.0	5.832705	19.85935	0.0	0.0	0.0	0.0	5.267625	0.0	0.0	3.35584	0.0	0.0	0.0	0.0	9.2224	0.0	7.956869999999999
MGB022	0.0	492.43	337.083	3402.59	416.294	161.095	377.089	61.9533	324.231	396.062	0.0	344.603	298.314	341.279	432.787	275.537	97.8525	447.852	359.64	155.329	135.084	286.121	44.2822	437.835	342.051	316.04	463.961	49.4682	415.613	478.315	1351.3	284.973	219.785	507.282	116.098	0.0	290.239	435.151	163.868	169.607	336.897	350.199	202.059	392.129	652.881	431.791	274.782	436.704	320.844	417.365	0.0	364.495	409.972	0.0	241.876	280.354	226.744	401.838	368.378	198.848	456.0	323.881	371.033	321.165	276.669	365.619	0.0	450.89	466.729	62.0356	506.026	32.7066	492.364	329.594	357.981	248.256	353.642	459.174	437.764	850.73	50.6721	271.735	464.819	245.706	201.171	417.778	305.589	229.051	354.753	423.33	333.441	285.048	414.576	303.109	180.75	332.395	343.968	371.79	90.1275	88.6845	405.339	223.736	354.782	129.616	196.327	0.0	639.782	354.479	198.1	972.387	264.798	453.085	313.356	243.87	332.01	261.375	424.119	338.066	361.736	274.41	420.391	236.449	749.315	23.7865	606.588	297.731	56.9661	194.943	285.978	322.285	308.007	76.6899	251.996	53.4826	177.448	362.684	58.9636	17.6202	139.278	161.553	345.841	90.0852	0.0	1102.25	460.906	0.0	0.0	14.651	451.14	387.788	337.284	399.044	301.601	484.8	94.3743	406.212	455.841	424.133	89.8552	0.0	55.9759	239.459	194.447	373.853	624.389	388.335	433.215	381.016	316.526	350.014	211.787	326.696	507.012	293.291	0.0	462.721	37.8769	119.164	432.704	741.685	419.131	88.1622	310.26	361.872	408.323	0.0	248.387	342.611	342.091	278.992	389.096	0.0	507.4	396.393	366.559	422.332	275.194	483.897	448.232	285.992	85.9044	30.9266	674.772	0.0	484.096	409.521	353.323	254.335	355.284	362.577	443.976	76.5353	291.234	406.886	321.412	1981.27	394.34	256.661	466.133	952.243	471.09	313.03	458.09	306.824	18.6715	206.513	39.5657	132.097	314.054	298.359	93.8439	0.0	256.491	102.351	451.197	433.524	405.244	412.917	9.86918	451.114	517.884	357.863	481.78	320.847	0.0	0.0	328.418	287.503	390.378	287.049	512.09	521.567	137.412	114.651	406.67	287.109	188.169	230.055	432.873	351.093	364.875	265.233	453.069	36.5634	340.128	429.823	244.059	319.239	439.515	213.235	331.813	314.748	96.2727	371.942	395.153	298.802	318.537	429.263	325.127	163.972	448.275	582.528	247.443	308.692	282.454	15.658	217.001	418.452
MGB045	0.0	0.0	0.0	0.0	0.0	0.0	332.33591	0.0	0.0	0.0	0.0	0.0	0.0	0.0	0.0	0.0	0.0	0.0	0.0	0.0	0.0	0.0	0.0	0.0	0.0	0.0	0.0	129.31574999999998	0.0	0.0	0.0	0.0	0.0	318.925285	0.0	0.0	0.0	0.0	0.0	181.7377	0.0	0.0	0.0	0.0	0.0	0.0	0.0	0.0	0.0	0.0	0.0	0.0	0.0	0.0	245.54780000000002	0.0	0.0	0.0	0.0	0.0	0.0	0.0	0.0	0.0	0.0	0.0	0.0	0.0	0.0	106.83505	0.0	0.0	0.0	0.0	0.0	0.0	268.370915	0.0	0.0	0.0	105.05799999999999	0.0	0.0	0.0	0.0	0.0	0.0	0.0	0.0	0.0	0.0	0.0	0.0	0.0	0.0	0.0	0.0	0.0	0.0	322.394	0.0	0.0	0.0	24.9637	0.0	0.0	0.0	0.0	0.0	0.0	0.0	0.0	0.0	0.0	0.0	0.0	0.0	0.0	0.0	0.0	0.0	0.0	0.0	0.0	0.0	0.0	0.0	0.0	0.0	0.0	0.0	0.0	306.54150000000004	0.0	0.0	0.0	0.0	0.0	0.0	0.0	0.0	0.0	0.0	0.0	0.0	0.0	0.0	0.0	0.0	0.0	0.0	0.0	0.0	0.0	0.0	0.0	0.0	0.0	0.0	0.0	106.8823	0.0	0.0	0.0	0.0	0.0	0.0	0.0	0.0	0.0	0.0	0.0	0.0	0.0	0.0	0.0	0.0	0.0	0.0	175.49585	0.0	0.0	0.0	0.0	0.0	0.0	0.0	0.0	0.0	0.0	0.0	0.0	0.0	0.0	0.0	0.0	0.0	0.0	0.0	0.0	0.0	0.0	0.0	0.0	0.0	0.0	0.0	0.0	0.0	0.0	0.0	0.0	0.0	0.0	0.0	201.70987000000002	0.0	0.0	0.0	0.0	0.0	0.0	0.0	0.0	0.0	335.92449999999997	0.0	0.0	0.0	0.0	0.0	0.0	0.0	150.8537	0.0	0.0	0.0	0.0	0.0	0.0	0.0	0.0	0.0	0.0	0.0	0.0	0.0	0.0	0.0	0.0	0.0	0.0	0.0	0.0	0.0	0.0	0.0	0.0	0.0	0.0	0.0	0.0	0.0	66.3926	0.0	0.0	0.0	0.0	0.0	196.75045500000002	0.0	0.0	115.34763500000001	0.0	0.0	0.0	0.0	0.0	0.0	0.0	0.0	0.0	0.0	0.0	0.0	18.35642	0.0	417.40369
MGB023	0.0	0.0	0.0	0.0	0.0	0.0	0.0	21.9979	3.21518	2.03514	0.0	2.73397	0.0	0.0	0.0	0.0	0.0	0.0	0.0	0.0	0.0	0.0	0.0	0.0	0.0	0.0	0.0	0.0	0.0	0.0	0.0	3.44645	0.0	0.0	0.0	0.0	0.0	0.0	0.0	0.0	0.0	0.0	0.0	0.0	0.0	0.0	0.0	0.0	0.0	0.0	0.0	1.20569	0.0	0.0	0.0	0.0	0.0	0.0	0.0	0.0	0.0	0.0	0.0	0.0	0.0	0.0	0.0	0.0	0.0	0.0	0.0	0.0	0.0	0.0	0.0	0.0	0.0	0.0	0.0	0.0	0.0	0.0	0.0	0.0	0.0	5.52431	0.0	0.0	0.0	0.0	0.0	0.0	0.0	0.0	0.0	0.0	0.0	0.0	0.0	0.0	0.0	0.0	0.0	0.0	0.0	0.0	0.0	0.0	0.0	0.0	0.0	0.0	0.0	0.0	0.0	0.0	0.0	0.0	0.0	0.0	0.0	0.0	0.0	0.0	0.0	0.0	0.0	0.0	0.0	0.0	0.0	0.0	0.0	0.0	0.0	0.0	0.0	0.0	0.0	0.0	0.0	54.6604	0.0	0.0	0.0	0.0	0.0	0.0	0.0	0.0	0.0	0.0	0.0	0.0	0.0	0.0	21.3569	0.0	0.0	0.0	0.0	0.0	0.0	0.0	0.0	0.0	0.0	0.0	0.0	0.0	0.0	0.0	0.0	0.0	0.0	0.0	0.0	0.0	12.5029	0.0	0.0	0.0	0.0	0.0	0.0	0.0	0.0	0.0	0.0	0.0	0.0	0.0	0.0	0.0	0.0	0.0	0.0	0.0	0.0	0.0	0.0	0.0	0.0	0.0	0.0	0.0	0.0	0.0	0.0	0.0	0.0	0.0	0.0	0.0	0.0	0.0	7.34073	0.0	0.0	0.0	0.0	0.0	0.0	0.0	0.0	0.0	0.0	0.0	0.0	0.0	0.0	0.0	0.0	0.0	0.0	0.0	0.0	0.0	0.0	0.0	0.0	0.0	0.0	0.0	0.0	0.0	0.0	0.0	7.87955	0.0	0.0	0.0	0.0	0.0	0.0	0.0	0.0	0.0	0.0	0.0	0.0	0.0	0.0	0.0	0.0	0.0	0.0	0.0	0.0	0.0	40.386	0.0	0.0	11.8853	0.0	0.0	0.0	9.15771	42.855	0.0	0.0	0.0	0.0	0.0	44.5671	0.0	0.0	0.0
MGB024	0.0	0.0	0.0	0.0	0.0	0.0	0.0	45.81795	0.0	2.45541	0.0	13.541385	0.0	0.0	0.0	0.0	0.0	0.0	0.0	0.0	0.0	0.0	0.0	0.0	0.0	0.0	0.0	0.0	0.0	0.0	0.0	22.354375	0.0	0.0	0.0	0.0	0.0	0.0	0.0	0.0	0.0	0.0	0.0	0.0	0.0	0.0	0.0	0.0	0.0	0.0	0.0	1.766445	0.0	0.0	0.0	0.0	0.0	0.0	0.0	0.0	0.0	0.0	0.0	0.0	0.0	0.0	0.0	0.0	0.0	0.0	0.0	0.0	0.0	0.0	0.0	0.0	0.0	0.0	0.0	0.0	0.0	0.0	0.0	0.0	0.0	6.815715	0.0	0.0	0.0	0.0	0.0	0.0	0.0	0.0	0.0	0.0	0.0	0.0	0.0	0.0	0.0	0.0	0.0	0.0	0.0	0.0	0.0	0.0	0.0	0.0	0.0	0.0	0.0	0.0	0.0	0.0	0.0	0.0	0.0	0.0	0.0	0.0	0.0	0.0	0.0	0.0	0.0	0.0	0.0	0.0	0.0	0.0	0.0	0.0	0.0	0.0	0.0	0.0	0.0	0.0	0.0	163.5042	0.0	0.0	0.0	0.0	0.0	0.0	0.0	0.0	0.0	0.0	0.0	0.0	0.0	0.0	0.0	0.0	0.0	0.0	0.0	0.0	0.0	0.0	0.0	0.0	0.0	0.0	0.0	0.0	0.0	0.0	0.0	0.0	0.0	0.0	0.0	0.0	0.0	0.0	0.0	0.0	0.0	0.0	0.0	0.0	0.0	0.0	0.0	0.0	0.0	0.0	0.0	0.0	0.0	0.0	0.0	0.0	0.0	0.0	0.0	0.0	0.0	0.0	0.0	0.0	0.0	0.0	0.0	0.0	0.0	0.0	0.0	0.0	0.0	0.0	0.0	0.0	0.0	0.0	0.0	0.0	0.0	0.0	0.0	0.0	0.0	0.0	0.0	0.0	0.0	0.0	0.0	0.0	0.0	0.0	0.0	0.0	0.0	0.0	0.0	0.0	0.0	0.0	0.0	0.0	0.0	0.0	4.899665	0.0	0.0	0.0	0.0	0.0	0.0	0.0	0.0	0.0	0.0	0.0	0.0	0.0	0.0	0.0	0.0	0.0	0.0	0.0	0.0	0.0	25.59055	0.0	0.0	6.944275000000001	0.0	0.0	0.0	8.75565	24.21329	0.0	0.0	0.0	0.0	0.0	25.833175000000004	0.0	0.0	0.0
MGB047	0.0	0.0	4.13658	0.0	0.0	0.0	0.0	71.9374	0.0	4.0462	626.918	23.5607	7.30787	8.67255	0.0	0.0	295.881	11.8741	9.8537	0.0	0.0	4.80623	0.0	0.0	0.0	36.0091	0.0	0.0	0.0	0.0	4.22547	0.0	23.5099	3.74625	0.0	0.0	0.0	8.75361	0.0	0.0	0.0	0.0	0.0	19.9507	2.17519	0.0	10.7	0.0	0.0	0.0	6.38067	3.16719	0.0	0.0	0.0	0.0	0.0	0.0	0.0	145.148	2.9836	4.79874	6.25127	0.0	0.0	13.2145	0.0	0.0	0.0	204.81	3.37014	50.9894	0.0	0.0	62.7805	36.1604	1.92741	1.65752	0.0	0.0	218.003	5.5565	5.20622	12.6265	2.30027	6.32664	0.0	2.03841	0.0	34.5135	12.864	12.4859	7.05115	0.0	4.42673	0.0	1.59377	0.0	140.554	0.0	9.17007	0.0	0.0	0.0	50.9925	0.0	4.81697	0.0	222.11	0.0	0.0	0.0	0.0	15.6042	2.98798	5.98407	0.0	31.0338	4.79243	4.43431	0.0	4.46154	0.0	0.0	0.0	6.11446	7.07237	0.0	29.1484	3.47483	36.6475	287.291	0.0	0.0	8.19968	4.5214	0.0	0.0	0.0	0.0	6.49322	331.379	0.0	5.72033	0.0	0.0	0.0	0.0	0.0	0.0	0.0	14.2056	3.98959	0.0	136.214	0.0	0.0	0.0	49.5178	0.0	215.156	165.436	5.2934	28.9037	0.0	0.0	0.0	0.0	0.0	17.4453	7.62008	12.6212	0.0	3.62815	7.0017	0.0	0.0	0.0	0.0	0.0	0.0	0.0	0.0	13.376	0.0	0.0	0.0	0.0	0.0	82.794	0.0	0.0	0.0	0.0	0.0	0.0	0.0	7.327	0.0	82.2872	3.86695	81.8704	0.0	0.0	0.0	0.0	1.64572	0.0	18.8329	0.0	0.0	0.0	41.6227	0.0	3.04918	0.0	5.58505	0.0	0.0	1.43978	0.0	0.0	0.0	141.032	0.0	0.0	0.0	11.6839	0.0	53.6968	5.92963	0.0	8.05679	0.0	0.0	0.0	0.0	0.0	14.0113	6.11109	8.61041	3.88213	12.3754	4.34486	7.45988	0.0	2.43459	0.0	0.0	22.7305	0.0	0.0	3.77468	2.77421	42.2754	8.77298	3.24651	156.747	0.0	0.0	2.80968	12.5568	0.0	0.0	0.0	0.0	8.80793	13.7677	0.0	9.28687	7.56801	0.0	9.42225	0.0	0.0	0.0	0.0	7.10734	6.54179	30.7153	0.0	0.0	0.0	0.0	5.60856	1.98166	0.0	0.0
MGB025	0.0	0.0	0.0	0.0	0.0	0.0	0.0	0.0	0.0	0.0	0.0	0.0	0.0	0.0	0.0	0.0	0.0	0.0	0.0	0.0	0.0	0.0	0.0	0.0	0.0	0.0	0.0	0.0	0.0	0.0	0.0	0.0	0.0	0.0	0.0	0.0	0.0	0.0	0.0	0.0	0.0	0.0	0.0	0.0	0.0	0.0	0.0	0.0	0.0	0.0	0.0	0.0	0.0	0.0	0.0	0.0	0.0	0.0	0.0	0.0	0.0	0.0	0.0	0.0	0.0	0.0	0.0	0.0	0.0	46.2835	0.0	0.0	0.0	0.0	0.0	0.0	0.0	0.0	0.0	0.0	64.3778	0.0	0.0	0.0	0.0	0.0	0.0	0.0	0.0	0.0	0.0	0.0	0.0	0.0	0.0	0.0	0.0	0.0	0.0	0.0	0.0	0.0	0.0	0.0	0.0	0.0	0.0	0.0	0.0	0.0	0.0	0.0	0.0	0.0	0.0	0.0	0.0	0.0	0.0	0.0	0.0	0.0	0.0	0.0	0.0	0.0	0.0	0.0	0.0	0.0	0.0	0.0	0.0	0.0	0.0	0.0	0.0	0.0	0.0	0.0	0.0	0.0	0.0	0.0	0.0	0.0	0.0	0.0	0.0	0.0	0.0	0.0	0.0	0.0	0.0	0.0	0.0	0.0	0.0	0.0	66.344	0.0	0.0	0.0	0.0	0.0	0.0	0.0	0.0	0.0	0.0	0.0	0.0	0.0	0.0	0.0	0.0	0.0	0.0	0.0	0.0	0.0	0.0	0.0	0.0	0.0	0.0	0.0	0.0	0.0	0.0	0.0	0.0	0.0	0.0	0.0	0.0	0.0	0.0	0.0	0.0	0.0	0.0	0.0	0.0	0.0	0.0	0.0	0.0	0.0	0.0	0.0	0.0	0.0	0.0	0.0	0.0	0.0	0.0	0.0	0.0	0.0	0.0	0.0	0.0	0.0	0.0	0.0	0.0	0.0	0.0	0.0	0.0	0.0	0.0	0.0	0.0	0.0	0.0	0.0	0.0	0.0	0.0	0.0	0.0	0.0	0.0	0.0	0.0	0.0	0.0	0.0	0.0	0.0	0.0	0.0	0.0	0.0	0.0	0.0	0.0	0.0	0.0	0.0	0.0	0.0	0.0	0.0	0.0	0.0	0.0	0.0	0.0	0.0	0.0	0.0	0.0	0.0	0.0	0.0	0.0	0.0	0.0	0.0	0.0	0.0	0.0	0.0
MGB040	0.0	0.0	0.0	0.0	0.0	0.0	0.0	0.0	0.0	0.0	0.0	0.0	0.0	0.0	0.0	0.0	0.0	0.0	0.0	0.0	0.0	0.0	0.0	0.0	0.0	0.0	0.0	0.0	0.0	0.0	0.0	0.0	0.0	0.0	0.0	0.0	0.0	0.0	0.0	0.0	0.0	0.0	0.0	0.0	0.0	0.0	0.0	0.0	0.0	0.0	0.0	0.0	0.0	0.0	0.0	0.0	0.0	0.0	0.0	0.0	0.0	0.0	0.0	0.0	0.0	0.0	0.0	0.0	0.0	155.5675	0.0	0.0	0.0	0.0	0.0	0.0	0.0	0.0	0.0	0.0	159.4405	0.0	0.0	0.0	0.0	0.0	0.0	0.0	0.0	0.0	0.0	0.0	0.0	0.0	0.0	0.0	0.0	0.0	0.0	0.0	0.0	0.0	0.0	0.0	0.0	0.0	0.0	0.0	0.0	0.0	0.0	0.0	0.0	0.0	0.0	0.0	0.0	0.0	0.0	0.0	0.0	0.0	0.0	0.0	0.0	0.0	0.0	0.0	0.0	0.0	0.0	0.0	0.0	0.0	0.0	0.0	0.0	0.0	0.0	0.0	0.0	0.0	0.0	0.0	0.0	0.0	0.0	0.0	0.0	0.0	0.0	0.0	0.0	0.0	0.0	0.0	0.0	0.0	0.0	0.0	173.9975	0.0	0.0	0.0	0.0	0.0	0.0	0.0	0.0	0.0	0.0	0.0	0.0	0.0	0.0	0.0	0.0	0.0	0.0	0.0	0.0	0.0	0.0	0.0	0.0	0.0	0.0	0.0	0.0	0.0	0.0	0.0	0.0	0.0	0.0	0.0	0.0	0.0	0.0	0.0	0.0	0.0	0.0	0.0	0.0	0.0	0.0	0.0	0.0	0.0	0.0	0.0	0.0	0.0	0.0	0.0	0.0	0.0	0.0	0.0	0.0	0.0	0.0	0.0	0.0	0.0	0.0	0.0	0.0	0.0	0.0	0.0	0.0	0.0	0.0	0.0	0.0	0.0	0.0	0.0	0.0	0.0	0.0	0.0	0.0	0.0	0.0	0.0	0.0	0.0	0.0	0.0	0.0	0.0	0.0	0.0	0.0	0.0	0.0	0.0	0.0	0.0	0.0	0.0	0.0	0.0	0.0	0.0	0.0	0.0	0.0	0.0	0.0	0.0	0.0	0.0	0.0	0.0	0.0	0.0	0.0	0.0	0.0	0.0	0.0	0.0	0.0	0.0
MGB020	0.0	0.0	0.0	0.0	0.0	0.0	0.0	0.0	0.0	0.0	0.0	0.0	0.0	0.0	0.0	0.0	0.0	0.0	0.0	0.0	0.0	0.0	0.0	0.0	0.0	0.0	0.0	0.0	0.0	0.0	0.0	0.0	0.0	0.0	0.0	0.0	0.0	0.0	0.0	0.0	0.0	0.0	0.0	0.0	0.0	0.0	0.0	0.0	0.0	0.0	0.0	0.0	0.0	0.0	0.0	0.0	0.0	0.0	0.0	0.0	0.0	0.0	0.0	0.0	0.0	0.0	0.0	0.0	0.0	7.217615	0.0	0.0	0.0	0.0	0.0	0.0	0.0	0.0	0.0	0.0	0.0	0.0	0.0	0.0	0.0	0.0	0.0	0.0	0.0	0.0	0.0	0.0	0.0	0.0	0.0	0.0	0.0	0.0	0.0	0.0	0.0	0.0	0.0	0.0	0.0	0.0	0.0	0.0	0.0	0.0	0.0	0.0	0.0	0.0	0.0	0.0	0.0	0.0	0.0	0.0	0.0	0.0	0.0	0.0	0.0	0.0	0.0	0.0	0.0	0.0	0.0	0.0	0.0	0.0	0.0	0.0	0.0	0.0	0.0	0.0	0.0	0.0	0.0	0.0	0.0	0.0	0.0	0.0	0.0	0.0	0.0	0.0	0.0	0.0	0.0	0.0	0.0	0.0	0.0	0.0	0.0	0.0	0.0	0.0	0.0	0.0	0.0	0.0	0.0	0.0	0.0	0.0	0.0	0.0	0.0	0.0	0.0	0.0	0.0	0.0	0.0	0.0	0.0	0.0	0.0	0.0	0.0	0.0	0.0	0.0	0.0	0.0	0.0	0.0	0.0	0.0	0.0	0.0	0.0	0.0	0.0	0.0	0.0	0.0	0.0	0.0	0.0	0.0	0.0	0.0	0.0	0.0	0.0	0.0	0.0	0.0	0.0	0.0	0.0	0.0	0.0	0.0	0.0	0.0	0.0	0.0	0.0	0.0	0.0	0.0	0.0	0.0	0.0	0.0	0.0	0.0	0.0	0.0	0.0	0.0	0.0	0.0	0.0	0.0	0.0	0.0	0.0	0.0	0.0	0.0	0.0	0.0	0.0	0.0	0.0	0.0	0.0	0.0	0.0	0.0	0.0	0.0	0.0	0.0	0.0	0.0	0.0	0.0	0.0	0.0	0.0	0.0	0.0	0.0	0.0	0.0	0.0	0.0	0.0	0.0	0.0	0.0	0.0	0.0	0.0	0.0	0.0	0.0
MGB043	0.0	0.0	0.0	0.0	0.0	0.0	0.0	122.733	0.0	734.655	0.0	715.174	0.0	0.0	0.0	0.0	256.128	439.807	792.752	0.0	0.0	0.0	0.0	0.0	738.708	698.098	0.0	0.0	0.0	0.0	0.0	485.313	0.0	0.0	0.0	0.0	0.0	0.0	0.0	0.0	0.0	0.0	0.0	749.946	618.575	0.0	681.544	0.0	0.0	0.0	0.0	693.074	0.0	0.0	0.0	0.0	0.0	0.0	0.0	251.293	852.809	0.0	753.551	0.0	0.0	696.598	0.0	0.0	0.0	180.895	0.0	108.291	0.0	0.0	671.805	593.98	0.0	0.0	0.0	0.0	173.266	686.721	0.0	0.0	0.0	844.309	0.0	0.0	0.0	682.781	619.218	422.622	857.388	0.0	0.0	0.0	639.866	0.0	155.775	0.0	874.621	0.0	0.0	0.0	416.057	0.0	0.0	0.0	319.55	0.0	0.0	0.0	0.0	0.0	0.0	0.0	0.0	671.522	0.0	0.0	0.0	0.0	0.0	0.0	0.0	678.171	0.0	0.0	497.299	644.235	515.339	387.505	0.0	0.0	0.0	673.637	0.0	0.0	0.0	0.0	0.0	212.498	0.0	643.998	0.0	0.0	0.0	0.0	0.0	0.0	0.0	792.599	0.0	0.0	109.47	0.0	0.0	0.0	168.435	0.0	174.015	481.797	470.931	778.666	0.0	0.0	0.0	0.0	0.0	0.0	0.0	741.508	0.0	0.0	0.0	0.0	0.0	255.51	0.0	0.0	0.0	322.55	0.0	652.293	0.0	0.0	0.0	0.0	0.0	473.337	0.0	0.0	0.0	0.0	0.0	0.0	0.0	0.0	0.0	623.821	0.0	66.2757	0.0	0.0	0.0	0.0	0.0	0.0	660.734	0.0	0.0	0.0	644.726	0.0	0.0	0.0	861.964	0.0	0.0	0.0	0.0	0.0	0.0	487.524	0.0	0.0	0.0	0.0	0.0	594.939	0.0	0.0	0.0	0.0	0.0	0.0	0.0	0.0	13.6808	0.0	949.348	667.654	0.0	0.0	0.0	0.0	0.0	873.788	0.0	668.675	0.0	0.0	402.896	0.0	712.218	0.0	0.0	449.365	0.0	0.0	0.0	0.0	0.0	0.0	0.0	0.0	0.0	671.593	0.0	0.0	746.62	639.279	0.0	0.0	0.0	0.0	0.0	857.864	750.216	283.752	0.0	0.0	567.263	0.0	733.665	0.0	0.0	0.0
MGB021	0.0	0.0	0.0	0.0	0.0	0.0	0.0	0.0	0.0	0.0	0.0	0.0	0.0	0.0	0.0	0.0	0.0	0.0	0.0	0.0	0.0	0.0	0.0	0.0	0.0	0.0	0.0	0.0	0.0	0.0	0.0	0.0	0.0	0.0	0.0	0.0	0.0	0.0	0.0	0.0	0.0	0.0	0.0	0.0	0.0	0.0	0.0	0.0	0.0	0.0	0.0	0.0	0.0	0.0	0.0	0.0	0.0	0.0	0.0	0.0	0.0	0.0	0.0	0.0	0.0	0.0	0.0	0.0	0.0	83.8858	0.0	0.0	0.0	0.0	0.0	0.0	0.0	0.0	0.0	0.0	76.9408	0.0	0.0	0.0	0.0	0.0	0.0	0.0	0.0	0.0	0.0	0.0	0.0	0.0	0.0	0.0	0.0	0.0	0.0	0.0	0.0	0.0	0.0	0.0	0.0	0.0	0.0	0.0	0.0	0.0	0.0	0.0	0.0	0.0	0.0	0.0	0.0	0.0	0.0	0.0	0.0	0.0	0.0	0.0	0.0	0.0	0.0	0.0	0.0	0.0	0.0	0.0	0.0	0.0	0.0	0.0	0.0	0.0	0.0	0.0	0.0	0.0	0.0	0.0	0.0	0.0	0.0	0.0	0.0	0.0	0.0	0.0	0.0	0.0	0.0	0.0	0.0	0.0	0.0	0.0	83.82294999999999	0.0	0.0	0.0	0.0	0.0	0.0	0.0	0.0	0.0	0.0	0.0	0.0	0.0	0.0	0.0	0.0	0.0	0.0	0.0	0.0	0.0	0.0	0.0	0.0	0.0	0.0	0.0	0.0	0.0	0.0	0.0	0.0	0.0	0.0	0.0	0.0	0.0	0.0	0.0	0.0	0.0	0.0	0.0	0.0	0.0	0.0	0.0	0.0	0.0	0.0	0.0	0.0	0.0	0.0	0.0	0.0	0.0	0.0	0.0	0.0	0.0	0.0	0.0	0.0	0.0	0.0	0.0	0.0	0.0	0.0	0.0	0.0	0.0	0.0	0.0	0.0	0.0	0.0	0.0	0.0	0.0	0.0	0.0	0.0	0.0	0.0	0.0	0.0	0.0	0.0	0.0	0.0	0.0	0.0	0.0	0.0	0.0	0.0	0.0	0.0	0.0	0.0	0.0	0.0	0.0	0.0	0.0	0.0	0.0	0.0	0.0	0.0	0.0	0.0	0.0	0.0	0.0	0.0	0.0	0.0	0.0	0.0	0.0	0.0	0.0	0.0	0.0
MGB008	0.0	0.0	0.0	0.0	0.0	0.0	0.0	0.0	0.0	0.0	0.0	0.0	0.0	0.0	0.0	0.0	0.0	0.0	0.0	0.0	0.0	0.0	0.0	0.0	0.0	0.0	0.0	0.0	0.0	0.0	0.0	0.0	21.3865	0.0	0.0	0.0	0.0	0.0	0.0	0.0	0.0	0.0	0.0	0.0	0.0	0.0	0.0	0.0	0.0	0.0	0.0	0.0	0.0	0.0	0.0	0.0	0.0	0.0	0.0	0.0	0.0	0.0	0.0	1.49762	0.0	0.0	0.0	0.0	0.0	0.0	0.0	0.0	0.0	0.0	0.0	0.0	0.0	0.0	0.0	0.0	0.0	0.0	0.0	37.7411	0.0	0.0	0.0	0.0	0.0	0.0	0.0	0.0	0.0	0.0	0.0	0.0	0.0	0.0	0.0	0.0	0.0	0.0	0.0	0.0	0.0	0.0	0.0	0.0	0.0	0.0	0.0	0.0	0.0	0.0	0.0	1.56149	0.0	0.0	0.0	4.06443	0.0	0.0	0.0	0.0	0.0	0.0	0.0	0.0	0.0	0.0	0.0	0.0	0.0	0.0	0.0	0.0	0.0	0.0	0.0	0.0	0.0	0.0	0.0	0.0	0.0	0.0	0.0	0.0	0.0	0.0	0.0	0.0	0.0	0.0	0.0	0.0	0.0	0.0	0.0	0.0	0.0	0.0	0.0	0.0	0.0	0.0	0.0	0.0	0.0	0.0	0.0	0.0	0.0	0.0	0.0	0.0	0.0	0.0	0.0	0.0	0.0	0.0	0.0	0.0	0.0	0.0	0.0	0.0	0.0	0.0	0.0	0.0	0.0	0.0	0.0	0.0	0.0	0.0	0.0	0.0	0.0	0.0	0.0	0.0	0.0	0.0	0.0	0.0	0.0	0.0	0.0	0.0	0.0	0.0	0.0	0.0	0.0	0.0	0.0	0.0	0.0	0.0	0.0	0.0	0.0	0.0	0.0	0.0	0.0	0.0	0.0	0.0	0.0	0.0	0.0	0.0	0.0	0.0	0.0	0.0	0.0	0.0	0.0	0.0	0.0	0.0	0.0	0.0	0.0	0.0	0.0	0.0	0.0	0.0	0.0	0.0	0.0	0.0	0.0	0.0	0.0	0.0	0.0	0.0	0.0	0.0	0.0	0.0	0.0	0.0	0.0	0.0	0.0	0.0	0.0	0.0	0.0	0.0	0.0	0.0	0.0	0.0	0.0	0.0	0.0	0.0	0.0	0.0
